Unnamed: 0,id,text,Hashtags,date,follower_count
0,1431777940853956608,August buy #oneplus #device #smoothos #oneplus tpro #neversettle #beyondthespeed tpr,"[{'text': 'oneplus', 'indices': [58, 66]}, {'text': 'device', 'indices': [67, 74]}, {'text': 'smoothos', 'indices': [75, 84]}, {'text': '90hz', 'indices': [85, 90]}, {'text': 'oneplus8tpro', 'indices': [91, 104]}, {'text': 'neversettle', 'indices': [105, 117]}, {'text': 'beyondthespeed', 'indices': [118, 133]}]",2021-08-29 00:37:16,231
1,1431777710766968834,#Google #Dragnets gave the police data phones located Kenosha riot arsons #CyberSecurity #infosec #privacy https,"[{'text': 'Google', 'indices': [15, 22]}, {'text': 'Dragnets', 'indices': [23, 32]}, {'text': 'CyberSecurity', 'indices': [99, 113]}, {'text': 'infosec', 'indices': [115, 123]}, {'text': 'privacy', 'indices': [125, 133]}]",2021-08-29 00:36:22,921
2,1431777224030556160,london refurbishment company #Google,"[{'text': 'Google', 'indices': [53, 60]}]",2021-08-29 00:34:26,0
3,1431777110490640390,#Google #Dragnets gave the police data phones located Kenosha riot arsons #CyberSecurity #infosec #privacy https,"[{'text': 'Google', 'indices': [15, 22]}, {'text': 'Dragnets', 'indices': [23, 32]}, {'text': 'CyberSecurity', 'indices': [99, 113]}, {'text': 'infosec', 'indices': [115, 123]}, {'text': 'privacy', 'indices': [125, 133]}]",2021-08-29 00:33:58,668
4,1431777014525177858,NailBiting Runner Game Download #mobilegames #games #gamer #videogames #videogame #IndieGameDev,"[{'text': 'mobilegames', 'indices': [75, 87]}, {'text': 'games', 'indices': [88, 94]}, {'text': 'gamer', 'indices': [95, 101]}, {'text': 'videogames', 'indices': [102, 113]}, {'text': 'videogame', 'indices': [114, 124]}, {'text': 'IndieGameDev', 'indices': [125, 138]}]",2021-08-29 00:33:36,1869
5,1431776976042438657,#Google #Dragnets gave the police data phones located Kenosha riot arsons #CyberSecurity #infosec #privacy https,"[{'text': 'Google', 'indices': [15, 22]}, {'text': 'Dragnets', 'indices': [23, 32]}, {'text': 'CyberSecurity', 'indices': [99, 113]}, {'text': 'infosec', 'indices': [115, 123]}, {'text': 'privacy', 'indices': [125, 133]}]",2021-08-29 00:33:26,2048
6,1431776875806855168,#Google #Dragnets gave the police data phones located Kenosha riot arsons #CyberSecurity #infosec,"[{'text': 'Google', 'indices': [0, 7]}, {'text': 'Dragnets', 'indices': [8, 17]}, {'text': 'CyberSecurity', 'indices': [84, 98]}, {'text': 'infosec', 'indices': [100, 108]}]",2021-08-29 00:33:02,1156
7,1431776804663005188,NailBiting Runner Game Download #mobilegames #games #gamer #videogames #videogame #IndieGameDev,"[{'text': 'mobilegames', 'indices': [75, 87]}, {'text': 'games', 'indices': [88, 94]}, {'text': 'gamer', 'indices': [95, 101]}, {'text': 'videogames', 'indices': [102, 113]}, {'text': 'videogame', 'indices': [114, 124]}, {'text': 'IndieGameDev', 'indices': [125, 138]}]",2021-08-29 00:32:46,3166
8,1431776429079875588,CIRUS needs talked about literally allowing you take your back from,[],2021-08-29 00:31:16,89
9,1431774725525676032,Wireless #Security Camera Outdoor Solar Powered Home Surveillance Cam with mAh Rechargeable Battery,"[{'text': 'Security', 'indices': [9, 18]}]",2021-08-29 00:24:30,208
10,1431774169923035136,Groovy Hemp Company #Google,"[{'text': 'Google', 'indices': [23, 30]}]",2021-08-29 00:22:17,3637
11,1431774018860900359,#BPR was already the first page the Google search now the FIRST result overall account with wonder,"[{'text': 'BPR', 'indices': [17, 21]}]",2021-08-29 00:21:41,1377
12,1431773022969638914,#Google Introduces Two New #Datasets For Improved Conversational #NLP #Artificia,"[{'text': 'Google', 'indices': [58, 65]}, {'text': 'Datasets', 'indices': [85, 94]}, {'text': 'NLP', 'indices': [123, 127]}]",2021-08-29 00:17:44,321
13,1431772925552693252,NailBiting Runner Game Download #mobilegames #games #gamer #videogames #videogame #IndieGameDev,"[{'text': 'mobilegames', 'indices': [75, 87]}, {'text': 'games', 'indices': [88, 94]}, {'text': 'gamer', 'indices': [95, 101]}, {'text': 'videogames', 'indices': [102, 113]}, {'text': 'videogame', 'indices': [114, 124]}, {'text': 'IndieGameDev', 'indices': [125, 138]}]",2021-08-29 00:17:21,5277
14,1431772664759205890,August buy #oneplus #device #smoothos #oneplus tpro #neversettle,"[{'text': 'oneplus', 'indices': [41, 49]}, {'text': 'device', 'indices': [50, 57]}, {'text': 'smoothos', 'indices': [58, 67]}, {'text': '90hz', 'indices': [68, 73]}, {'text': 'oneplus8tpro', 'indices': [74, 87]}, {'text': 'neversettle', 'indices': [88, 100]}]",2021-08-29 00:16:18,120
15,1431772627971018768,Georgia Vasectomy Vasectomy Reversal John Clay McHugh #Google,"[{'text': 'Google', 'indices': [64, 71]}]",2021-08-29 00:16:10,990
16,1431772550011387907,amp security with left with choice but use fucking Phones without the #google stock apps Talk abo,"[{'text': 'google', 'indices': [90, 97]}]",2021-08-29 00:15:51,73
17,1431772536790999043,#Google Introduces Two New #Datasets For Improved Conversational #NLP #Artificia,"[{'text': 'Google', 'indices': [58, 65]}, {'text': 'Datasets', 'indices': [85, 94]}, {'text': 'NLP', 'indices': [123, 127]}]",2021-08-29 00:15:48,633
18,1431772529551683596,#Google Introduces Two New #Datasets For Improved Conversational #NLP #Artificia,"[{'text': 'Google', 'indices': [58, 65]}, {'text': 'Datasets', 'indices': [85, 94]}, {'text': 'NLP', 'indices': [123, 127]}]",2021-08-29 00:15:46,824
19,1431772349137829890,What #Religion can for #AI #Art #MachineLearning #DeepLearning #ArtificialIntelligence #Datas,"[{'text': 'Religion', 'indices': [20, 29]}, {'text': 'AI', 'indices': [41, 44]}, {'text': 'Art', 'indices': [73, 77]}, {'text': 'MachineLearning', 'indices': [78, 94]}, {'text': 'DeepLearning', 'indices': [95, 108]}, {'text': 'ArtificialIntelligence', 'indices': [109, 132]}]",2021-08-29 00:15:03,824
20,1431772142824312832,google been hacked when search get forwarded then few,[],2021-08-29 00:14:14,332
21,1431771962808827906,Attention OneCoin Cryptocurrency Has Full Compliance All Members Accounts Global Join Free Upgrade For Unli,[],2021-08-29 00:13:31,2834
22,1431771618590670848,CIRUS needs talked about literally allowing you take your back from,[],2021-08-29 00:12:09,89
23,1431771523358941184,CIRUS needs talked about literally allowing you take,[],2021-08-29 00:11:46,89
24,1431771236808364036,CIRUS needs talked about literally allowing you take your back from,[],2021-08-29 00:10:38,89
25,1431770995166228489,Prepare for that next job education your first job educational leader Get #Google Certified attend one,"[{'text': 'Google', 'indices': [104, 111]}]",2021-08-29 00:09:40,6790
26,1431770938891067394,CIRUS needs talked about literally allowing you take your back from,[],2021-08-29 00:09:27,89
27,1431770851578368001,Top Level Traffic Web Design Bridgend #Google #topleveltraffic #bridgend #digitalmarketin,"[{'text': 'Google', 'indices': [64, 71]}, {'text': 'topleveltraffic', 'indices': [96, 112]}, {'text': 'bridgend', 'indices': [113, 122]}]",2021-08-29 00:09:06,5924
28,1431770811254329348,Best Computer Repair Bridgend and South Wales #Google #custombuild #customgamingpc #gaming,"[{'text': 'Google', 'indices': [68, 75]}, {'text': 'custombuild', 'indices': [100, 112]}, {'text': 'customgamingpc', 'indices': [113, 128]}, {'text': 'gaming', 'indices': [129, 136]}]",2021-08-29 00:08:57,5924
29,1431770662700412930,Technical SEO Tips Help Your Site Rank Glean hints from the SERPs Look the search engines Marry your,[],2021-08-29 00:08:21,419
30,1431770340598951941,#SAVE #LG #Smart UHD #Google Assistant amp #Alexa with Code #Hughes #lduk via,"[{'text': 'SAVE', 'indices': [1, 6]}, {'text': 'LG', 'indices': [12, 15]}, {'text': 'Smart', 'indices': [23, 29]}, {'text': 'Google', 'indices': [39, 46]}, {'text': 'Alexa', 'indices': [63, 69]}, {'text': 'Hughes', 'indices': [88, 95]}, {'text': 'lduk', 'indices': [120, 125]}]",2021-08-29 00:07:04,741
31,1431769561985073153,Perhaps good thing the #Jedi deal renegotiated #Microsoft #AWS #Google #IBM,"[{'text': 'Jedi', 'indices': [58, 63]}, {'text': 'Microsoft', 'indices': [85, 95]}, {'text': 'AWS', 'indices': [96, 100]}, {'text': 'Google', 'indices': [101, 108]}, {'text': 'IBM', 'indices': [109, 113]}]",2021-08-29 00:03:59,1937
32,1431769557962739713,IlanMuskat Perhaps good thing the #Jedi deal renegotiated #Microsoft #AWS #Google #IBM Translated using #Microsof,"[{'text': 'Jedi', 'indices': [57, 62]}, {'text': 'Microsoft', 'indices': [84, 94]}, {'text': 'AWS', 'indices': [95, 99]}, {'text': 'Google', 'indices': [100, 107]}, {'text': 'IBM', 'indices': [108, 112]}]",2021-08-29 00:03:58,1937
33,1431769481529987075,#Google Introduces Two New #Datasets For Improved Conversational #NLP #ArtificialIntelligence #AI #Mac,"[{'text': 'Google', 'indices': [36, 43]}, {'text': 'Datasets', 'indices': [63, 72]}, {'text': 'NLP', 'indices': [101, 105]}, {'text': 'ArtificialIntelligence', 'indices': [107, 130]}, {'text': 'AI', 'indices': [131, 134]}]",2021-08-29 00:03:40,903
34,1431768892263870465,absolutely bang #usher #crowder #june coup #google #ethan,"[{'text': 'usher', 'indices': [25, 31]}, {'text': 'crowder', 'indices': [32, 40]}, {'text': 'june22coup', 'indices': [41, 52]}, {'text': 'google', 'indices': [53, 60]}, {'text': 'ethan', 'indices': [61, 67]}]",2021-08-29 00:01:19,4
35,1431768661199622146,Google announced major impending change their algorithm over year ago giving everyone opportunity get,[],2021-08-29 00:00:24,8818
36,1431768575224651776,Man Eaglin Notary Public #Google,"[{'text': 'Google', 'indices': [29, 36]}]",2021-08-29 00:00:03,114
37,1431767980107571200,IlanMuskat Perhaps good thing the #Jedi deal renegotiated #Microsoft #AWS #Google #IBM Translated using #MicrosoftFlow,"[{'text': 'Jedi', 'indices': [36, 41]}, {'text': 'Microsoft', 'indices': [63, 73]}, {'text': 'AWS', 'indices': [74, 78]}, {'text': 'Google', 'indices': [79, 86]}, {'text': 'IBM', 'indices': [87, 91]}, {'text': 'MicrosoftFlow', 'indices': [109, 123]}]",2021-08-28 23:57:42,1269
38,1431767878097948673,How Get Google Adsense Approval #google adsense,"[{'text': 'google', 'indices': [67, 74]}]",2021-08-28 23:57:17,1249
39,1431767654650417155,Google looking for Senior Engineering Manager Android App Safety California USA Read more and apply here http,[],2021-08-28 23:56:24,63811
40,1431767372231163906,What #Religion can for #AI #Art #MachineLearning #DeepLearning #ArtificialIntelligence #Datas,"[{'text': 'Religion', 'indices': [20, 29]}, {'text': 'AI', 'indices': [41, 44]}, {'text': 'Art', 'indices': [73, 77]}, {'text': 'MachineLearning', 'indices': [78, 94]}, {'text': 'DeepLearning', 'indices': [95, 108]}, {'text': 'ArtificialIntelligence', 'indices': [109, 132]}]",2021-08-28 23:55:17,2422
41,1431767136003780612,Lopez refers herself Sucia evidenced,[],2021-08-28 23:54:20,410
42,1431767076830695429,was today years older when #Google Thanks,"[{'text': 'Google', 'indices': [32, 39]}]",2021-08-28 23:54:06,1771
43,1431766489804255233,What #Religion can for #AI #Art #MachineLearning #DeepLearning #ArtificialIntelligence #Datas,"[{'text': 'Religion', 'indices': [20, 29]}, {'text': 'AI', 'indices': [41, 44]}, {'text': 'Art', 'indices': [73, 77]}, {'text': 'MachineLearning', 'indices': [78, 94]}, {'text': 'DeepLearning', 'indices': [95, 108]}, {'text': 'ArtificialIntelligence', 'indices': [109, 132]}]",2021-08-28 23:51:46,633
44,1431766486809550852,Perhaps good thing the #Jedi deal renegotiated #Microsoft #AWS #Google #IBM,"[{'text': 'Jedi', 'indices': [37, 42]}, {'text': 'Microsoft', 'indices': [64, 74]}, {'text': 'AWS', 'indices': [75, 79]}, {'text': 'Google', 'indices': [80, 87]}, {'text': 'IBM', 'indices': [88, 92]}]",2021-08-28 23:51:46,101
45,1431766485744209925,What #Religion can for #AI #Art #MachineLearning #DeepLearning #ArtificialIntelligence #Datas,"[{'text': 'Religion', 'indices': [20, 29]}, {'text': 'AI', 'indices': [41, 44]}, {'text': 'Art', 'indices': [73, 77]}, {'text': 'MachineLearning', 'indices': [78, 94]}, {'text': 'DeepLearning', 'indices': [95, 108]}, {'text': 'ArtificialIntelligence', 'indices': [109, 132]}]",2021-08-28 23:51:45,903
46,1431766451078184964,Read all the way through and decide for yourself but there aren many obvious options for the #Google connected,"[{'text': 'Google', 'indices': [95, 102]}]",2021-08-28 23:51:37,1010
47,1431766184404287491,Lopez refers herself Sucia evidenced,[],2021-08-28 23:50:33,2071
48,1431766066867413003,london refurbishment company #Google,"[{'text': 'Google', 'indices': [53, 60]}]",2021-08-28 23:50:05,0
49,1431765923250196490,Xtreme Reggae Dancehall International Promotions Hub #Google,"[{'text': 'Google', 'indices': [56, 63]}]",2021-08-28 23:49:31,1173
50,1431765742572040195,Lopez refers herself Sucia evide,[],2021-08-28 23:48:48,2071
51,1431765739220832261,How Fake your Location #Google Chrome Sometimes websites may request access your location that they can,"[{'text': 'Google', 'indices': [29, 36]}]",2021-08-28 23:48:47,629
52,1431765275414781952,Self driving delivery #startup Nuro building manufacturing facility and test track Nevada dramatic,"[{'text': 'startup', 'indices': [23, 31]}]",2021-08-28 23:46:57,3578
53,1431764867455741952,Where the discussion how companies require utilization #Chrome access their services data etc for bus,"[{'text': 'Chrome', 'indices': [64, 71]}]",2021-08-28 23:45:19,44
54,1431764808706269185,Crossroad Baptist ministry #Google,"[{'text': 'Google', 'indices': [30, 37]}]",2021-08-28 23:45:05,44
55,1431763288803713026,Charge wherever you Magnetic Wireless Charger Amazon #magsafe #iPhone,"[{'text': 'magsafe', 'indices': [96, 104]}, {'text': 'iPhone12', 'indices': [105, 114]}]",2021-08-28 23:39:03,19
56,1431762509162184707,Botox and Fillers Curated Medical #Google #Botox #Fillers #AZ,"[{'text': 'Google', 'indices': [40, 47]}, {'text': 'Botox', 'indices': [72, 78]}, {'text': 'Fillers', 'indices': [79, 87]}, {'text': 'AZ', 'indices': [88, 91]}]",2021-08-28 23:35:57,0
57,1431761318697046021,#Google could its way make substantial #investments worth thousands crores into #BhartiAirtel Check out the det,"[{'text': 'Google', 'indices': [15, 22]}, {'text': 'investments', 'indices': [63, 75]}, {'text': 'BhartiAirtel', 'indices': [107, 120]}]",2021-08-28 23:31:13,54
58,1431761177005207553,Best Figma Shortcuts Hope you all liked this Helpful Retweet this post may help someone Part #ui #ux,"[{'text': 'ui', 'indices': [131, 134]}, {'text': 'ux', 'indices': [135, 138]}]",2021-08-28 23:30:40,295
59,1431760375385444352,back the Fruite garden the right time shoud wait for iPhone Pixel #quadlockcase #quadlock,"[{'text': 'quadlockcase', 'indices': [91, 104]}, {'text': 'quadlock', 'indices': [105, 114]}]",2021-08-28 23:27:28,6
60,1431759673116475392,How beautiful that #usher #crowder #june coup #google #ethan,"[{'text': 'usher', 'indices': [23, 29]}, {'text': 'crowder', 'indices': [30, 38]}, {'text': 'june22coup', 'indices': [39, 50]}, {'text': 'google', 'indices': [51, 58]}, {'text': 'ethan', 'indices': [59, 65]}]",2021-08-28 23:24:41,4
61,1431759489624117251,#Microsoft #Google Invest Billion #Cybersecurity Over Next Years #MachineLear,"[{'text': 'Microsoft', 'indices': [22, 32]}, {'text': 'Google', 'indices': [34, 41]}, {'text': 'Cybersecurity', 'indices': [67, 81]}]",2021-08-28 23:23:57,1937
62,1431758987792461830,#Technology Alone Does Not Make Company Great #ebay #freemarket #google #innovation #marketplac,"[{'text': 'Technology', 'indices': [18, 29]}, {'text': 'ebay', 'indices': [90, 95]}, {'text': 'freemarket', 'indices': [96, 107]}, {'text': 'google', 'indices': [108, 115]}, {'text': 'innovation', 'indices': [116, 127]}]",2021-08-28 23:21:58,3142
63,1431758854950465540,How #UrinaryIncontinence Experience led Natural Cure #Google,"[{'text': 'UrinaryIncontinence', 'indices': [7, 27]}, {'text': 'Google', 'indices': [61, 68]}]",2021-08-28 23:21:26,333
64,1431758709252841474,Prepare for that next job education your first job educational leader Get #Google Certified attend one,"[{'text': 'Google', 'indices': [104, 111]}]",2021-08-28 23:20:51,15729
65,1431758504285642758,#Technology Alone Does Not Make Company Great #ebay #freemarket #google #innovation,"[{'text': 'Technology', 'indices': [0, 11]}, {'text': 'ebay', 'indices': [72, 77]}, {'text': 'freemarket', 'indices': [78, 89]}, {'text': 'google', 'indices': [90, 97]}, {'text': 'innovation', 'indices': [98, 109]}]",2021-08-28 23:20:02,11218
66,1431758180179058690,Cooprider Family Collection #Google,"[{'text': 'Google', 'indices': [31, 38]}]",2021-08-28 23:18:45,581
67,1431757630763110402,How recover deleted photos from #Google Drive Google #Photos #MachineLearning #Dat,"[{'text': 'Google', 'indices': [56, 63]}, {'text': 'Photos', 'indices': [80, 87]}, {'text': 'MachineLearning', 'indices': [118, 134]}]",2021-08-28 23:16:34,1866
68,1431757581475778560,#Microsoft #Google Invest Billion #Cybersecurity Over Next Years #MachineLear,"[{'text': 'Microsoft', 'indices': [22, 32]}, {'text': 'Google', 'indices': [34, 41]}, {'text': 'Cybersecurity', 'indices': [67, 81]}]",2021-08-28 23:16:22,1866
69,1431757570436390920,August buy #oneplus #device #smoothos #oneplus tpro #neversettle,"[{'text': 'oneplus', 'indices': [41, 49]}, {'text': 'device', 'indices': [50, 57]}, {'text': 'smoothos', 'indices': [58, 67]}, {'text': '90hz', 'indices': [68, 73]}, {'text': 'oneplus8tpro', 'indices': [74, 87]}, {'text': 'neversettle', 'indices': [88, 100]}]",2021-08-28 23:16:20,120
70,1431757284405874688,remeber when you could say google and meant something Now you get whatever they decide and garbage spam #google,"[{'text': 'google', 'indices': [116, 123]}]",2021-08-28 23:15:12,7
71,1431755710501580806,Google Danny Sullivan confirms the search engine updating the way generates web page titles search results via,[],2021-08-28 23:08:56,822
72,1431755434357149697,#Google Introduces Two New #Datasets For Improved Conversational #NLP #ArtificialIntelligence #AI #Mac,"[{'text': 'Google', 'indices': [36, 43]}, {'text': 'Datasets', 'indices': [63, 72]}, {'text': 'NLP', 'indices': [101, 105]}, {'text': 'ArtificialIntelligence', 'indices': [107, 130]}, {'text': 'AI', 'indices': [131, 134]}]",2021-08-28 23:07:50,3562
73,1431755424466968581,just being apprenti oracle what #google was buy #BlackBerry imagine the type algos that could deducted,"[{'text': 'google', 'indices': [63, 70]}, {'text': 'BlackBerry', 'indices': [82, 93]}]",2021-08-28 23:07:48,3562
74,1431754660117893122,decade and half instability #Google #instability,"[{'text': 'Google', 'indices': [63, 70]}, {'text': 'instability', 'indices': [71, 83]}]",2021-08-28 23:04:46,670
75,1431754528827789312,just being apprenti oracle what #google was buy #BlackBerry imagine the type algos that could,"[{'text': 'google', 'indices': [51, 58]}, {'text': 'BlackBerry', 'indices': [70, 81]}]",2021-08-28 23:04:15,15
76,1431754480677179393,Auto align Car Charger you hate the moment when you bought wireless car charger for smart use but didn get,[],2021-08-28 23:04:03,19
77,1431754459009454081,#Google Introduces Two New #Datasets For Improved Conversational #NLP #ArtificialIntelligence #AI #Mac,"[{'text': 'Google', 'indices': [36, 43]}, {'text': 'Datasets', 'indices': [63, 72]}, {'text': 'NLP', 'indices': [101, 105]}, {'text': 'ArtificialIntelligence', 'indices': [107, 130]}, {'text': 'AI', 'indices': [131, 134]}]",2021-08-28 23:03:58,1937
78,1431754256139395074,#Google searches old #Seville,"[{'text': 'Google', 'indices': [6, 13]}, {'text': 'Seville', 'indices': [95, 103]}]",2021-08-28 23:03:10,3326
79,1431754233192329224,Ways Businesses Benefit From Google Ads PPC #PPC #PPCchat #PPC #PayPerClick #SEM #ROI,"[{'text': 'PPC', 'indices': [92, 96]}, {'text': 'PPCchat', 'indices': [97, 105]}, {'text': 'PPC2021', 'indices': [106, 114]}, {'text': 'PayPerClick', 'indices': [115, 127]}, {'text': 'SEM', 'indices': [128, 132]}, {'text': 'ROI', 'indices': [133, 137]}]",2021-08-28 23:03:04,9836
80,1431754068502798337,#Google Introduces Two New #Datasets For Improved Conversational #NLP #ArtificialIntelligence #AI #Mac,"[{'text': 'Google', 'indices': [36, 43]}, {'text': 'Datasets', 'indices': [63, 72]}, {'text': 'NLP', 'indices': [101, 105]}, {'text': 'ArtificialIntelligence', 'indices': [107, 130]}, {'text': 'AI', 'indices': [131, 134]}]",2021-08-28 23:02:25,321
81,1431753708631691270,Charge wherever you Magnetic Wireless Charger Automobile #magsafe #iPhone #iphonecharge,"[{'text': 'magsafe', 'indices': [107, 115]}, {'text': 'iPhone12', 'indices': [116, 125]}]",2021-08-28 23:00:59,92
82,1431753603220398081,Charge wherever you Magnetic Wireless Charger Automobile #magsafe #iPhone,"[{'text': 'magsafe', 'indices': [94, 102]}, {'text': 'iPhone12', 'indices': [103, 112]}]",2021-08-28 23:00:34,19
83,1431753481447149568,Will Rank Your Website Top GOOGLE Search Engine With White Hat SEO Strategy Message Fiverr,[],2021-08-28 23:00:05,2
84,1431753212139352071,Ways Businesses Benefit From Google Ads PPC #PPC #PPCchat #PPC #PayPerClick #SEM #ROI,"[{'text': 'PPC', 'indices': [92, 96]}, {'text': 'PPCchat', 'indices': [97, 105]}, {'text': 'PPC2021', 'indices': [106, 114]}, {'text': 'PayPerClick', 'indices': [115, 127]}, {'text': 'SEM', 'indices': [128, 132]}, {'text': 'ROI', 'indices': [133, 137]}]",2021-08-28 22:59:01,213272
85,1431753189997547529,ironic that slammed black hatters for years for content spinning but now have developed whole product MUM,[],2021-08-28 22:58:55,23469
86,1431752575792078848,Xtreme Reggae Dancehall International Promotions Hub #Google,"[{'text': 'Google', 'indices': [69, 76]}]",2021-08-28 22:56:29,1173
87,1431752177916198913,#usher #crowder #june coup #google #ethan #cristiano #cristiano ronaldo Impact Cordless Screwdriver Cordless Drill,"[{'text': 'usher', 'indices': [0, 6]}, {'text': 'crowder', 'indices': [7, 15]}, {'text': 'june22coup', 'indices': [16, 27]}, {'text': 'google', 'indices': [28, 35]}, {'text': 'ethan', 'indices': [36, 42]}, {'text': 'cristiano', 'indices': [43, 53]}, {'text': 'cristiano', 'indices': [54, 64]}]",2021-08-28 22:54:54,4
88,1431751392255954947,#Google Introduces Two New #Datasets For Improved Conversational #NLP #ArtificialIntelligence #AI #Mac,"[{'text': 'Google', 'indices': [36, 43]}, {'text': 'Datasets', 'indices': [63, 72]}, {'text': 'NLP', 'indices': [101, 105]}, {'text': 'ArtificialIntelligence', 'indices': [107, 130]}, {'text': 'AI', 'indices': [131, 134]}]",2021-08-28 22:51:47,1866
89,1431751328137625600,Google has updated its How Search Works website which contains information how Google organizes ranks and tests searc,[],2021-08-28 22:51:31,766
90,1431751161367994368,new video for the Google Pixel pokes fun the ones Jony Ive used make gushing about the smallest details des,[],2021-08-28 22:50:52,290
91,1431751007776632833,#BreakingNews #wallstreet Chuck HONG gonna bust that GOOG dong for stealing their from,"[{'text': 'BreakingNews', 'indices': [0, 13]}, {'text': 'wallstreet', 'indices': [18, 29]}]",2021-08-28 22:50:15,66
92,1431750961710592003,CIRUS needs talked about literally allowing you take your back from com,[],2021-08-28 22:50:04,89
93,1431750776523681793,CIRUS needs talked about literally allowing you take your back,[],2021-08-28 22:49:20,89
94,1431750752800698375,finally purchased Wasabi control can wait see you really spoil interes,[],2021-08-28 22:49:14,475
95,1431750520516104195,Like and share you think fantastic #usher #crowder #june coup #google #ethan,"[{'text': 'usher', 'indices': [44, 50]}, {'text': 'crowder', 'indices': [51, 59]}, {'text': 'june22coup', 'indices': [60, 71]}, {'text': 'google', 'indices': [72, 79]}, {'text': 'ethan', 'indices': [80, 86]}]",2021-08-28 22:48:19,4
96,1431750513138208770,finally purchased Wasabi control can wait see you really spoil int,[],2021-08-28 22:48:17,398
97,1431750473955037190,#Google Introduces Two New #Datasets For Improved Conversational #NLP #ArtificialIntelligence #AI #Mac,"[{'text': 'Google', 'indices': [36, 43]}, {'text': 'Datasets', 'indices': [63, 72]}, {'text': 'NLP', 'indices': [101, 105]}, {'text': 'ArtificialIntelligence', 'indices': [107, 130]}, {'text': 'AI', 'indices': [131, 134]}]",2021-08-28 22:48:08,1872
98,1431750451591094275,#Google Introduces Two New #Datasets For Improved Conversational #NLP #ArtificialIntelligence #AI #Mac,"[{'text': 'Google', 'indices': [36, 43]}, {'text': 'Datasets', 'indices': [63, 72]}, {'text': 'NLP', 'indices': [101, 105]}, {'text': 'ArtificialIntelligence', 'indices': [107, 130]}, {'text': 'AI', 'indices': [131, 134]}]",2021-08-28 22:48:02,454
99,1431750390740045827,new video for the Google Pixel pokes fun the ones Jony Ive used make gushing about the smallest details,[],2021-08-28 22:47:48,1150
100,1431750083070992385,CIRUS needs talked about literally allowing you take,[],2021-08-28 22:46:35,89
101,1431749193627049990,Auto align Car Charger you hate the moment when you bought wireless car charger for smart use but didn get,[],2021-08-28 22:43:03,19
102,1431748513159856131,Kasa Smart Plug Power Strip Surge Protector with Individually Controlled Smart Outlets and USB Ports,[],2021-08-28 22:40:20,208
103,1431748142756769794,Charge wherever you Magnetic Wireless Charger Automobile #magsafe #iPhone,"[{'text': 'magsafe', 'indices': [94, 102]}, {'text': 'iPhone12', 'indices': [103, 112]}]",2021-08-28 22:38:52,19
104,1431747931468701709,Charge wherever you Magnetic Wireless Charger Amazon #magsafe #iPhone,"[{'text': 'magsafe', 'indices': [96, 104]}, {'text': 'iPhone12', 'indices': [105, 114]}]",2021-08-28 22:38:02,19
105,1431747864074625033,Charge wherever you Magnetic Wireless Charger Automobile #magsafe #iPhone,"[{'text': 'magsafe', 'indices': [94, 102]}, {'text': 'iPhone12', 'indices': [103, 112]}]",2021-08-28 22:37:46,19
106,1431747789558456324,Google has updated its How Search Works website which contains information how Google organizes ranks and tests searc,[],2021-08-28 22:37:28,2139
107,1431747743169581063,Charge wherever you Magnetic Wireless Charger Automobile #magsafe #iPhone,"[{'text': 'magsafe', 'indices': [94, 102]}, {'text': 'iPhone12', 'indices': [103, 112]}]",2021-08-28 22:37:17,19
108,1431747672629813250,Auto align Car Charger you hate the moment when you bought wireless car charger for smart use but didn get,[],2021-08-28 22:37:00,19
109,1431747641092751360,Charge wherever you Magnetic Wireless Charger Amazon #magsafe #iPhone,"[{'text': 'magsafe', 'indices': [96, 104]}, {'text': 'iPhone12', 'indices': [105, 114]}]",2021-08-28 22:36:52,19
110,1431747547589185543,Charge wherever you Magnetic Wireless Charger Automobile #magsafe #iPhone,"[{'text': 'magsafe', 'indices': [94, 102]}, {'text': 'iPhone12', 'indices': [103, 112]}]",2021-08-28 22:36:30,19
111,1431746933635305481,Google Tasks error Error disallowed useragent android #delphi #google tasks,"[{'text': 'delphi', 'indices': [85, 92]}, {'text': 'google', 'indices': [93, 100]}]",2021-08-28 22:34:04,710
112,1431746214639308801,Are you #nerd Here for you #nerd #nerdy #Geek #tshirtoftheday #ShopNow #onlineshopp,"[{'text': 'nerd', 'indices': [29, 34]}, {'text': 'nerd', 'indices': [83, 88]}, {'text': 'nerdy', 'indices': [89, 95]}, {'text': 'Geek', 'indices': [96, 101]}, {'text': 'tshirtoftheday', 'indices': [102, 117]}, {'text': 'ShopNow', 'indices': [118, 126]}]",2021-08-28 22:31:12,40
113,1431746134532313093,#SEO Guide Help website has been banned #Google Now what #webmaster #search,"[{'text': 'SEO', 'indices': [0, 4]}, {'text': 'Google', 'indices': [48, 55]}, {'text': 'webmaster', 'indices': [91, 101]}, {'text': 'search', 'indices': [102, 109]}]",2021-08-28 22:30:53,368
114,1431745735528091651,hey She #beautiful and she also #live #googleplay #googlebooks #googlebook,"[{'text': 'beautiful', 'indices': [14, 24]}, {'text': 'live', 'indices': [40, 45]}, {'text': 'googleplay', 'indices': [49, 60]}, {'text': 'googlebooks', 'indices': [61, 73]}, {'text': 'googlebook', 'indices': [74, 85]}]",2021-08-28 22:29:18,1093
115,1431745426617683968,DAG #HGTP gateway ecosystem with unlimited potential Companies like ADS can finally reali,"[{'text': 'HGTP', 'indices': [20, 25]}, {'text': 'L0', 'indices': [26, 29]}]",2021-08-28 22:28:04,13036
116,1431745391905677314,Top Level Traffic Web Design Bridgend #Google #topleveltraffic #bridgend,"[{'text': 'Google', 'indices': [43, 50]}, {'text': 'topleveltraffic', 'indices': [75, 91]}, {'text': 'bridgend', 'indices': [92, 101]}]",2021-08-28 22:27:56,2597
117,1431744776999739404,Logging Google Account from New Device Credits #Google #android #MEMES #chrome,"[{'text': 'Google', 'indices': [90, 97]}, {'text': 'android', 'indices': [98, 106]}, {'text': 'MEMES', 'indices': [107, 113]}, {'text': 'chrome', 'indices': [114, 121]}]",2021-08-28 22:25:30,244
118,1431744610301140993,DAG #HGTP gateway ecosystem with unlimited potential Companies like ADS can finally reali,"[{'text': 'HGTP', 'indices': [20, 25]}, {'text': 'L0', 'indices': [26, 29]}]",2021-08-28 22:24:50,1204
119,1431744390565875713,NIS Cloud Essentials have just completed this room Check out #tryhackme #security,"[{'text': 'tryhackme', 'indices': [116, 126]}, {'text': 'security', 'indices': [127, 136]}]",2021-08-28 22:23:57,1937
120,1431743896988499968,Top Grossing Mobile #apps #autodynamicshtx lamborghinihuracanevo #Lamborghini #autodynamicsleasing #carleases,"[{'text': 'apps', 'indices': [20, 25]}, {'text': 'autodynamicshtx', 'indices': [26, 42]}, {'text': '2021lamborghinihuracanevo', 'indices': [43, 69]}, {'text': 'Lamborghini', 'indices': [70, 82]}, {'text': 'autodynamicsleasing', 'indices': [83, 103]}, {'text': 'carleases', 'indices': [104, 114]}]",2021-08-28 22:22:00,279
121,1431743689450196994,New #Google plan stop #Chrome users being tracked did the opposite and made worse and there Pla,"[{'text': 'Google', 'indices': [34, 41]}, {'text': 'Chrome', 'indices': [57, 64]}]",2021-08-28 22:21:10,1707
122,1431743643086475274,Best Computer Repair Bridgend and South Wales #Google #custombuild #customgamingpc,"[{'text': 'Google', 'indices': [51, 58]}, {'text': 'custombuild', 'indices': [83, 95]}, {'text': 'customgamingpc', 'indices': [96, 111]}]",2021-08-28 22:20:59,385
123,1431743553902981120,Best Computer Repair Bridgend and South Wales #Google #custombuild #customgamingpc,"[{'text': 'Google', 'indices': [51, 58]}, {'text': 'custombuild', 'indices': [83, 95]}, {'text': 'customgamingpc', 'indices': [96, 111]}]",2021-08-28 22:20:38,2401
124,1431743425381113860,#usher #crowder #june coup #google #ethan #cristiano #cristiano ronaldo KERUI Wifi Camera Home Securit,"[{'text': 'usher', 'indices': [0, 6]}, {'text': 'crowder', 'indices': [7, 15]}, {'text': 'june22coup', 'indices': [16, 27]}, {'text': 'google', 'indices': [28, 35]}, {'text': 'ethan', 'indices': [36, 42]}, {'text': 'cristiano', 'indices': [43, 53]}, {'text': 'cristiano', 'indices': [54, 64]}]",2021-08-28 22:20:07,4
125,1431743399196041220,Remember #Google April Fools Day joke back Well now has become reality #nintendo #gaming #geek,"[{'text': 'Google', 'indices': [24, 31]}, {'text': 'nintendo', 'indices': [105, 114]}, {'text': 'gaming', 'indices': [115, 122]}, {'text': 'geek', 'indices': [123, 128]}]",2021-08-28 22:20:01,202
126,1431742950451597313,#Google Introduces Two New #Datasets For Improved Conversational #NLP #Artificia,"[{'text': 'Google', 'indices': [58, 65]}, {'text': 'Datasets', 'indices': [85, 94]}, {'text': 'NLP', 'indices': [123, 127]}]",2021-08-28 22:18:14,6514
127,1431742944214601736,#Google Introduces Two New #Datasets For Improved Conversational #NLP #Artificia,"[{'text': 'Google', 'indices': [58, 65]}, {'text': 'Datasets', 'indices': [85, 94]}, {'text': 'NLP', 'indices': [123, 127]}]",2021-08-28 22:18:13,454
128,1431742457713205249,August buy #oneplus #device #smoothos #oneplus tpro #neversettle,"[{'text': 'oneplus', 'indices': [41, 49]}, {'text': 'device', 'indices': [50, 57]}, {'text': 'smoothos', 'indices': [58, 67]}, {'text': '90hz', 'indices': [68, 73]}, {'text': 'oneplus8tpro', 'indices': [74, 87]}, {'text': 'neversettle', 'indices': [88, 100]}]",2021-08-28 22:16:17,120
129,1431741875954847745,#Google Introduces Two New #Datasets For Improved Conversational #NLP #Artificia,"[{'text': 'Google', 'indices': [58, 65]}, {'text': 'Datasets', 'indices': [85, 94]}, {'text': 'NLP', 'indices': [123, 127]}]",2021-08-28 22:13:58,1937
130,1431741798397980680,#Google Introduces Two New #Datasets For Improved Conversational #NLP #Artificia,"[{'text': 'Google', 'indices': [58, 65]}, {'text': 'Datasets', 'indices': [85, 94]}, {'text': 'NLP', 'indices': [123, 127]}]",2021-08-28 22:13:39,13383
131,1431741738297827328,#Google Introduces Two New #Datasets For Improved Conversational #NLP #Artificia,"[{'text': 'Google', 'indices': [58, 65]}, {'text': 'Datasets', 'indices': [85, 94]}, {'text': 'NLP', 'indices': [123, 127]}]",2021-08-28 22:13:25,2122
132,1431741624397225990,About ADS for kelpie community have lot domains owned the community which are made into different webs,[],2021-08-28 22:12:58,13
133,1431741439701135368,Great huh #usher #crowder #june coup #google #ethan,"[{'text': 'usher', 'indices': [12, 18]}, {'text': 'crowder', 'indices': [19, 27]}, {'text': 'june22coup', 'indices': [28, 39]}, {'text': 'google', 'indices': [40, 47]}, {'text': 'ethan', 'indices': [48, 54]}]",2021-08-28 22:12:14,4
134,1431741383539249159,Dear Trainers DogemonGo the only Free Crypto Game now available #Apple App amp #Google Play Store,"[{'text': 'Apple', 'indices': [100, 106]}, {'text': 'Google', 'indices': [119, 126]}]",2021-08-28 22:12:00,77
135,1431740897641865217,Google Easter Eggs are fun hidden often gamified surprises found Search and other Google products Here how find amp,[],2021-08-28 22:10:05,232
136,1431740744402751490,Dear Trainers DogemonGo the only Free Crypto Game now available #Apple App amp #Google Play Store,"[{'text': 'Apple', 'indices': [100, 106]}, {'text': 'Google', 'indices': [119, 126]}]",2021-08-28 22:09:28,130
137,1431740735041114114,Sistagirl Avon #Google #giveback #feedthechildren,"[{'text': 'Google', 'indices': [18, 25]}, {'text': 'giveback', 'indices': [50, 59]}, {'text': 'feedthechildren', 'indices': [60, 76]}]",2021-08-28 22:09:26,243
138,1431740680297082880,Let Google Paralympics #Google #Paralympics #Tokyo #Japan #Tokyo,"[{'text': 'Google', 'indices': [47, 54]}, {'text': 'Paralympics', 'indices': [55, 67]}, {'text': 'パラリンピック', 'indices': [68, 76]}, {'text': 'Tokyo2020', 'indices': [77, 87]}, {'text': '東京2020', 'indices': [88, 95]}, {'text': 'Japan', 'indices': [96, 102]}, {'text': 'Tokyo', 'indices': [103, 109]}]",2021-08-28 22:09:13,28
139,1431739478570328074,DAG #HGTP gateway ecosystem with unlimited potential Companies like ADS can finally reali,"[{'text': 'HGTP', 'indices': [20, 25]}, {'text': 'L0', 'indices': [26, 29]}]",2021-08-28 22:04:26,1896
140,1431739448400568320,Technical SEO Tips Help Your Site Rank Glean hints from the SERPs Look the search engines Marry your,[],2021-08-28 22:04:19,132
141,1431739369291931649,Forbes Why You Suddenly Need Delete #Google #Chrome via,"[{'text': 'Google', 'indices': [40, 47]}, {'text': 'Chrome', 'indices': [48, 55]}]",2021-08-28 22:04:00,6214
142,1431739315034345475,DAG #HGTP gateway ecosystem with unlimited potential Companies like ADS can finally reali,"[{'text': 'HGTP', 'indices': [20, 25]}, {'text': 'L0', 'indices': [26, 29]}]",2021-08-28 22:03:47,192
143,1431739171480260618,#Google searches old,"[{'text': 'Google', 'indices': [5, 12]}]",2021-08-28 22:03:13,3326
144,1431738942458667008,Can she trust him and his DANGEROUS JOY BESTSELL Beverley #Romance #Regency #ebook #Google,"[{'text': 'Romance', 'indices': [86, 94]}, {'text': 'Regency', 'indices': [95, 103]}, {'text': 'ebook', 'indices': [104, 110]}, {'text': 'Google', 'indices': [111, 118]}]",2021-08-28 22:02:18,3353
145,1431738726997282822,#Google cut employee pay for #WFH Dannnnnnnng the OFFICE,"[{'text': 'Google', 'indices': [0, 7]}, {'text': 'WFH', 'indices': [36, 40]}]",2021-08-28 22:01:27,599
146,1431738565797597187,Can she trust him and his DANGEROUS JOY BESTSELL Beverley #Romance #Regency #ebook #Google,"[{'text': 'Romance', 'indices': [66, 74]}, {'text': 'Regency', 'indices': [75, 83]}, {'text': 'ebook', 'indices': [84, 90]}, {'text': 'Google', 'indices': [91, 98]}]",2021-08-28 22:00:49,61691
147,1431738369890045953,Check out Gig #Fiverr #google #scraping for search results #business #profiles provide #bulk,"[{'text': 'Fiverr', 'indices': [20, 27]}, {'text': 'google', 'indices': [32, 39]}, {'text': 'scraping', 'indices': [40, 49]}, {'text': 'business', 'indices': [72, 81]}, {'text': 'profiles', 'indices': [82, 91]}, {'text': 'bulk', 'indices': [105, 110]}]",2021-08-28 22:00:02,1741
148,1431738228437102592,#Google #Microsoft plan spend billions #CyberSecurity after meeting with Biden CNBC,"[{'text': 'Google', 'indices': [21, 28]}, {'text': 'Microsoft', 'indices': [30, 40]}, {'text': 'CyberSecurity', 'indices': [67, 81]}]",2021-08-28 21:59:28,17912
149,1431738171436507139,ironic that slammed black hatters for years for content spinning but now have developed whole product MUM,[],2021-08-28 21:59:15,936
150,1431738090352164864,Rely CDW Google Cloud Fellows and engineers specializing Anthos Database Modernization Google Cloud Networking,[],2021-08-28 21:58:55,1937
151,1431738051995136000,NEW ISSUE Trust say increasing number govt amp private orgs delving into your data #Apple amp Mobile,"[{'text': 'Apple', 'indices': [124, 130]}]",2021-08-28 21:58:46,3453
152,1431737867684831239,Love this super simple way just acknowledging our needs and the challenges remote work #google Let make,"[{'text': 'google', 'indices': [117, 124]}]",2021-08-28 21:58:02,459
153,1431737817130934273,google maps photo views See what posted Google Maps Level Local Guide,[],2021-08-28 21:57:50,61
154,1431737699040305153,Cost this for USD Billion #Google #Apple,"[{'text': 'Google', 'indices': [45, 52]}, {'text': 'Apple', 'indices': [56, 62]}]",2021-08-28 21:57:22,459
155,1431737487043538951,Carolina Piedmont Capital Inc #Google,"[{'text': 'Google', 'indices': [35, 42]}]",2021-08-28 21:56:31,38
156,1431736832597716993,Top Gun Anthem The Green Planet Project featuring myself guitar #SPOTIFYPLAYLIST #TopGun #guitar #spotify #inter,"[{'text': 'SPOTIFYPLAYLIST', 'indices': [91, 107]}, {'text': 'TopGun', 'indices': [108, 115]}, {'text': 'guitar', 'indices': [116, 123]}, {'text': 'spotify', 'indices': [124, 132]}]",2021-08-28 21:53:55,46
157,1431736592494911491,Bokor Realty Group LLC Florida Real Estate Experts #Google,"[{'text': 'Google', 'indices': [74, 81]}]",2021-08-28 21:52:58,283
158,1431736426262155272,#Stadia #StadiaCommunity #Google #Stadia #Destiny Destiny coop crossplay Stadia,"[{'text': 'Stadia100', 'indices': [16, 26]}, {'text': 'StadiaCommunity', 'indices': [28, 44]}, {'text': 'Google', 'indices': [46, 53]}, {'text': 'Stadia', 'indices': [55, 62]}, {'text': 'Destiny2', 'indices': [64, 73]}]",2021-08-28 21:52:19,99
159,1431736357865537536,That time #Google used #Lego bricks build cabinet for its first server #datacenter,"[{'text': 'Google', 'indices': [27, 34]}, {'text': 'Lego', 'indices': [40, 45]}, {'text': 'datacenter', 'indices': [125, 136]}]",2021-08-28 21:52:02,1583
160,1431736198494502912,ANIK BHOWMICK and professional wordpress website developer best experiences are web designer Hire,[],2021-08-28 21:51:24,2097
161,1431736071151312896,#Stadia #StadiaCommunity #Google #Stadia #Destiny Destiny coop crossplay Stadia via,"[{'text': 'Stadia100', 'indices': [0, 10]}, {'text': 'StadiaCommunity', 'indices': [12, 28]}, {'text': 'Google', 'indices': [30, 37]}, {'text': 'Stadia', 'indices': [39, 46]}, {'text': 'Destiny2', 'indices': [48, 57]}]",2021-08-28 21:50:54,307
162,1431735590169497609,Thinking diving into #Google #PPC ads Make sure your efforts are targeted and your dollars are being spent wise,"[{'text': 'Google', 'indices': [24, 31]}, {'text': 'PPC', 'indices': [32, 36]}]",2021-08-28 21:48:59,620
163,1431735569034383372,#usher #crowder #june coup #google #ethan #cristiano #cristiano ronaldo Mini Drone Dual Camera Wide,"[{'text': 'usher', 'indices': [0, 6]}, {'text': 'crowder', 'indices': [7, 15]}, {'text': 'june22coup', 'indices': [16, 27]}, {'text': 'google', 'indices': [28, 35]}, {'text': 'ethan', 'indices': [36, 42]}, {'text': 'cristiano', 'indices': [43, 53]}, {'text': 'cristiano', 'indices': [54, 64]}]",2021-08-28 21:48:54,4
164,1431735362066554883,#Google calculated could break even with percent commission fee Play Store compared percent,"[{'text': 'Google', 'indices': [18, 25]}]",2021-08-28 21:48:05,104
165,1431735153349390336,DAG #HGTP gateway ecosystem with unlimited potential Companies like ADS can finally reali,"[{'text': 'HGTP', 'indices': [20, 25]}, {'text': 'L0', 'indices': [26, 29]}]",2021-08-28 21:47:15,814
166,1431734986097324034,Top Gun Anthem The Green Planet Project featuring myself guitar #SPOTIFYPLAYLIST #TopGun #guitar #spotify #inter,"[{'text': 'SPOTIFYPLAYLIST', 'indices': [91, 107]}, {'text': 'TopGun', 'indices': [108, 115]}, {'text': 'guitar', 'indices': [116, 123]}, {'text': 'spotify', 'indices': [124, 132]}]",2021-08-28 21:46:35,1542
167,1431734683415429120,#SafeBLAST #Mobile #wallet Download COMING SOON both the #Google #playstore and the #App store,"[{'text': 'SafeBLAST', 'indices': [15, 25]}, {'text': 'Mobile', 'indices': [26, 33]}, {'text': 'wallet', 'indices': [34, 41]}, {'text': 'Google', 'indices': [78, 85]}, {'text': 'playstore', 'indices': [86, 96]}, {'text': 'App', 'indices': [105, 109]}]",2021-08-28 21:45:23,117
168,1431734623256645635,Google Sheets formula suggestions are like autofill for math #google,"[{'text': 'google', 'indices': [86, 93]}]",2021-08-28 21:45:09,1938
169,1431734468738367488,#Wanted #FBI now available #Google Play #LinkInBio View amp report fugitives wanted FBI Provides details,"[{'text': 'Wanted', 'indices': [0, 7]}, {'text': 'FBI', 'indices': [12, 16]}, {'text': 'Google', 'indices': [34, 41]}, {'text': 'LinkInBio', 'indices': [48, 58]}]",2021-08-28 21:44:32,7
170,1431734260130476035,#UKSC Compliances Founders Groups William Gates III #MicrosoftCorporation Whenever Bankruptcies Insurer United,"[{'text': 'UKSC', 'indices': [0, 5]}, {'text': 'MicrosoftCorporation', 'indices': [55, 76]}]",2021-08-28 21:43:42,79
171,1431733952256086017,#Stadia #StadiaCommunity #Google #Stadia #Cyberpunk Cyberpunk amp Shisha time patch #linux #stad,"[{'text': 'Stadia100', 'indices': [16, 26]}, {'text': 'StadiaCommunity', 'indices': [28, 44]}, {'text': 'Google', 'indices': [46, 53]}, {'text': 'Stadia', 'indices': [55, 62]}, {'text': 'Cyberpunk2077', 'indices': [64, 78]}, {'text': 'linux', 'indices': [131, 137]}]",2021-08-28 21:42:29,99
172,1431733725935591425,#Stadia #StadiaCommunity #Google #Stadia #Cyberpunk Cyberpunk amp Shisha time patch,"[{'text': 'Stadia100', 'indices': [0, 10]}, {'text': 'StadiaCommunity', 'indices': [12, 28]}, {'text': 'Google', 'indices': [30, 37]}, {'text': 'Stadia', 'indices': [39, 46]}, {'text': 'Cyberpunk2077', 'indices': [48, 62]}]",2021-08-28 21:41:35,307
173,1431733243728957446,Google Danny Sullivan confirms the search engine updating the way generates web page titles search results via,[],2021-08-28 21:39:40,1559
174,1431733199747665923,That time #Google used #Lego bricks build cabinet for its first server #datacenter,"[{'text': 'Google', 'indices': [27, 34]}, {'text': 'Lego', 'indices': [40, 45]}, {'text': 'datacenter', 'indices': [125, 136]}]",2021-08-28 21:39:29,3509
175,1431732834201337856,Rely CDW Google Cloud Fellows and engineers specializing Anthos Database Modernization Google Cloud,[],2021-08-28 21:38:02,22
176,1431732831848443908,What #Google First time years gmail not safe Someone kept tryin,"[{'text': 'Google', 'indices': [42, 49]}]",2021-08-28 21:38:02,74
177,1431732831806529537,real pickup for you #usher #crowder #june coup #google #ethan,"[{'text': 'usher', 'indices': [23, 29]}, {'text': 'crowder', 'indices': [30, 38]}, {'text': 'june22coup', 'indices': [39, 50]}, {'text': 'google', 'indices': [51, 58]}, {'text': 'ethan', 'indices': [59, 65]}]",2021-08-28 21:38:02,4
178,1431732219199041540,New #Google plan stop #Chrome users being tracked did the opposite and made worse and there Pla,"[{'text': 'Google', 'indices': [34, 41]}, {'text': 'Chrome', 'indices': [57, 64]}]",2021-08-28 21:35:36,583
179,1431732069055574022,the auto play videos the Store drive you bonkers You can permanently disable this feature with,[],2021-08-28 21:35:00,14478
180,1431731729807679489,NIS Cloud Essentials have just completed this room Check out #tryhackme #security,"[{'text': 'tryhackme', 'indices': [116, 126]}, {'text': 'security', 'indices': [127, 136]}]",2021-08-28 21:33:39,411
181,1431731712640225280,#Google history got corrupted and deleted What the file name need find backups repair,"[{'text': 'Google', 'indices': [3, 10]}]",2021-08-28 21:33:35,476
182,1431730973566283780,Technical SEO Tips Help Your Site Rank Glean hints from the SERPs Look the search engines Marry your,[],2021-08-28 21:30:39,2494
183,1431730409822429185,Very useful didn know half these #Google,"[{'text': 'Google', 'indices': [65, 72]}]",2021-08-28 21:28:24,6776
184,1431730182252019717,london refurbishment company #Google,"[{'text': 'Google', 'indices': [53, 60]}]",2021-08-28 21:27:30,0
185,1431729853980610574,Very useful didn know half these #Google,"[{'text': 'Google', 'indices': [65, 72]}]",2021-08-28 21:26:12,882
186,1431729565823537158,Advanced SEO Techniques Improve Your Site Traffic SEO #Traffic #Tips #Google,"[{'text': 'Traffic', 'indices': [83, 91]}, {'text': 'Tips', 'indices': [92, 97]}, {'text': 'Google', 'indices': [98, 105]}]",2021-08-28 21:25:03,7072
187,1431729552544337920,Today #Video shows you how #Hardwire the New #Nest Doorbell Battery from See everything the,"[{'text': 'Video', 'indices': [8, 14]}, {'text': 'Hardwire', 'indices': [32, 41]}, {'text': 'Nest', 'indices': [50, 55]}]",2021-08-28 21:25:00,39
188,1431729499985498115,#Google #Microsoft plan spend billions #CyberSecurity after meeting with Biden CNBC,"[{'text': 'Google', 'indices': [21, 28]}, {'text': 'Microsoft', 'indices': [30, 40]}, {'text': 'CyberSecurity', 'indices': [67, 81]}]",2021-08-28 21:24:47,113
189,1431729207038648327,Very useful didn know half these #Google,"[{'text': 'Google', 'indices': [44, 51]}]",2021-08-28 21:23:37,4360
190,1431729161039540225,#Google has agreed pay #Apple whopping billion remain the default search engine its iPhone iPad and iMac,"[{'text': 'Google', 'indices': [17, 24]}, {'text': 'Apple', 'indices': [43, 49]}]",2021-08-28 21:23:26,113
191,1431728736060145665,#Google Chrome Tricks You Might Not Know Here are awesome features google chrome tricks which will amaze,"[{'text': 'Google', 'indices': [3, 10]}]",2021-08-28 21:21:45,629
192,1431728496997437444,Dear Trainers DogemonGo the only Free Crypto Game now available #Apple App amp #Google Play Store,"[{'text': 'Apple', 'indices': [100, 106]}, {'text': 'Google', 'indices': [119, 126]}]",2021-08-28 21:20:48,1904
193,1431728222761365508,#usher #crowder #june coup #google #ethan #cristiano #cristiano ronaldo Stock Global Amazfit Bip Smartwa,"[{'text': 'usher', 'indices': [0, 6]}, {'text': 'crowder', 'indices': [7, 15]}, {'text': 'june22coup', 'indices': [16, 27]}, {'text': 'google', 'indices': [28, 35]}, {'text': 'ethan', 'indices': [36, 42]}, {'text': 'cristiano', 'indices': [43, 53]}, {'text': 'cristiano', 'indices': [54, 64]}]",2021-08-28 21:19:43,4
194,1431728128615862272,there problem the world not touched #Google,"[{'text': 'Google', 'indices': [47, 54]}]",2021-08-28 21:19:20,148
195,1431728088329621505,Macqua Woodside Realtor #Google,"[{'text': 'Google', 'indices': [27, 34]}]",2021-08-28 21:19:11,147
196,1431728022542036999,#Google Introduces Two New #Datasets For Improved Conversational #NLP #ArtificialIntelligence #AI #Mac,"[{'text': 'Google', 'indices': [36, 43]}, {'text': 'Datasets', 'indices': [63, 72]}, {'text': 'NLP', 'indices': [101, 105]}, {'text': 'ArtificialIntelligence', 'indices': [107, 130]}, {'text': 'AI', 'indices': [131, 134]}]",2021-08-28 21:18:55,824
197,1431728003415949315,Why You Suddenly Need Delete #Google Chrome #privacy,"[{'text': 'Google', 'indices': [51, 58]}, {'text': 'privacy', 'indices': [90, 98]}]",2021-08-28 21:18:50,4380
198,1431727782124457984,just released full review for the Google Pixel Check out #TeamPixel #GiftFromGoog,"[{'text': 'TeamPixel', 'indices': [115, 125]}]",2021-08-28 21:17:58,3265
199,1431727216224768001,Business Solutions #Google #summer #fall Hope Everyone Enjoying the last days Summer,"[{'text': 'Google', 'indices': [25, 32]}, {'text': 'summer', 'indices': [50, 57]}, {'text': 'fall', 'indices': [58, 63]}]",2021-08-28 21:15:43,260
200,1431727118963064836,August buy #oneplus #device #smoothos #oneplus tpro #neversettle,"[{'text': 'oneplus', 'indices': [41, 49]}, {'text': 'device', 'indices': [50, 57]}, {'text': 'smoothos', 'indices': [58, 67]}, {'text': '90hz', 'indices': [68, 73]}, {'text': 'oneplus8tpro', 'indices': [74, 87]}, {'text': 'neversettle', 'indices': [88, 100]}]",2021-08-28 21:15:20,120
201,1431726891627696129,Top Gun Anthem The Green Planet Project featuring myself guitar #SPOTIFYPLAYLIST #TopGun #guitar #spotify,"[{'text': 'SPOTIFYPLAYLIST', 'indices': [72, 88]}, {'text': 'TopGun', 'indices': [89, 96]}, {'text': 'guitar', 'indices': [97, 104]}, {'text': 'spotify', 'indices': [105, 113]}]",2021-08-28 21:14:25,2875
202,1431726828528545792,#DHS #whistleblower alleging bonuses for importing foreign workers #Facebook #Microsoft #Intel #Apple #twitter,"[{'text': 'DHS', 'indices': [0, 4]}, {'text': 'whistleblower', 'indices': [5, 19]}, {'text': 'Facebook', 'indices': [69, 78]}, {'text': 'Microsoft', 'indices': [79, 89]}, {'text': 'Intel', 'indices': [90, 96]}, {'text': 'Apple', 'indices': [97, 103]}, {'text': 'twitter', 'indices': [104, 112]}]",2021-08-28 21:14:10,2115
203,1431726155204284416,Groovy Hemp Company #Google,"[{'text': 'Google', 'indices': [23, 30]}]",2021-08-28 21:11:30,3637
204,1431726032286015488,Analysts Google pay Apple billion remain default Safari search engine Mac,[],2021-08-28 21:11:00,5636
205,1431725985729167360,DAG #HGTP gateway ecosystem with unlimited potential Companies like ADS can finally reali,"[{'text': 'HGTP', 'indices': [20, 25]}, {'text': 'L0', 'indices': [26, 29]}]",2021-08-28 21:10:49,5
206,1431725443502075905,#Google stick search amp sales All else fail,"[{'text': 'Google', 'indices': [0, 7]}]",2021-08-28 21:08:40,982
207,1431724662233444361,Best #IT #Training amp #Certification Courses #AI #Analytics #IoT #BI #Amazon #AWS #tech #CCN,"[{'text': 'IT', 'indices': [27, 30]}, {'text': 'Training', 'indices': [31, 40]}, {'text': 'Certification', 'indices': [47, 61]}, {'text': 'AI', 'indices': [96, 99]}, {'text': 'Analytics', 'indices': [100, 110]}, {'text': 'IoT', 'indices': [111, 115]}, {'text': 'BI', 'indices': [116, 119]}, {'text': 'Amazon', 'indices': [120, 127]}, {'text': 'AWS', 'indices': [128, 132]}, {'text': 'tech', 'indices': [133, 138]}]",2021-08-28 21:05:34,1866
208,1431724524991655944,Techdirt Fake Copyright Office Imposter Gets Google Delist URLs Section Grounds,[],2021-08-28 21:05:01,5636
209,1431724377888866307,DAG #HGTP gateway ecosystem with unlimited potential Companies like ADS can fina,"[{'text': 'HGTP', 'indices': [5, 10]}, {'text': 'L0', 'indices': [11, 14]}]",2021-08-28 21:04:26,2147
210,1431724257948618753,Like you are Excited Yeah #usher #crowder #june coup #google #ethan,"[{'text': 'usher', 'indices': [33, 39]}, {'text': 'crowder', 'indices': [40, 48]}, {'text': 'june22coup', 'indices': [49, 60]}, {'text': 'google', 'indices': [61, 68]}, {'text': 'ethan', 'indices': [69, 75]}]",2021-08-28 21:03:57,4
211,1431724083541159943,Our team here help you achieve your goals and make you the hero your own story #Community #Team,"[{'text': 'Community', 'indices': [95, 105]}, {'text': 'Team', 'indices': [106, 111]}]",2021-08-28 21:03:16,3
212,1431724044559298566,#Google searches College football old,"[{'text': 'Google', 'indices': [6, 13]}]",2021-08-28 21:03:07,3326
213,1431724034115395585,#Google searches old,"[{'text': 'Google', 'indices': [5, 12]}]",2021-08-28 21:03:04,3326
214,1431724033029050374,filing #EpicGames unsealed this month said #Google according internal documents feared losing billio,"[{'text': 'EpicGames', 'indices': [12, 22]}, {'text': 'Google', 'indices': [48, 55]}]",2021-08-28 21:03:04,12194
215,1431723820574908416,How recover deleted photos from #Google Drive Google #Photos #MachineLearning #Dat,"[{'text': 'Google', 'indices': [56, 63]}, {'text': 'Photos', 'indices': [80, 87]}, {'text': 'MachineLearning', 'indices': [118, 134]}]",2021-08-28 21:02:13,321
216,1431723795681845258,#Microsoft #Google Invest Billion #Cybersecurity Over Next Years #MachineLear,"[{'text': 'Microsoft', 'indices': [22, 32]}, {'text': 'Google', 'indices': [34, 41]}, {'text': 'Cybersecurity', 'indices': [67, 81]}]",2021-08-28 21:02:07,3118
217,1431723445163737091,Most Powerful SEO Tricks That Boost Your Traffic Link Building Directory Submission Content Competito,[],2021-08-28 21:00:44,4097
218,1431723316423925774,#Google Introduces Two New #Datasets For Improved Conversational #NLP #ArtificialIntelligence #AI #Mac,"[{'text': 'Google', 'indices': [36, 43]}, {'text': 'Datasets', 'indices': [63, 72]}, {'text': 'NLP', 'indices': [101, 105]}, {'text': 'ArtificialIntelligence', 'indices': [107, 130]}, {'text': 'AI', 'indices': [131, 134]}]",2021-08-28 21:00:13,2915
219,1431723316352626693,Best #IT #Training amp #Certification Courses #AI #Analytics #IoT #BI #Amazon #AWS #tech #CCN,"[{'text': 'IT', 'indices': [27, 30]}, {'text': 'Training', 'indices': [31, 40]}, {'text': 'Certification', 'indices': [47, 61]}, {'text': 'AI', 'indices': [96, 99]}, {'text': 'Analytics', 'indices': [100, 110]}, {'text': 'IoT', 'indices': [111, 115]}, {'text': 'BI', 'indices': [116, 119]}, {'text': 'Amazon', 'indices': [120, 127]}, {'text': 'AWS', 'indices': [128, 132]}, {'text': 'tech', 'indices': [133, 138]}]",2021-08-28 21:00:13,2915
220,1431723285671202818,Starting from September Meetings available with our SMM Agent #blackfriday #cybermonday camp,"[{'text': 'blackfriday', 'indices': [85, 97]}, {'text': 'cybermonday', 'indices': [98, 110]}]",2021-08-28 21:00:06,484
221,1431723277005701122,#Google Introduces Two New #Datasets For Improved Conversational #NLP #ArtificialIntelligence #AI #Mac,"[{'text': 'Google', 'indices': [36, 43]}, {'text': 'Datasets', 'indices': [63, 72]}, {'text': 'NLP', 'indices': [101, 105]}, {'text': 'ArtificialIntelligence', 'indices': [107, 130]}, {'text': 'AI', 'indices': [131, 134]}]",2021-08-28 21:00:04,686
222,1431723155765202949,Google India working None the google products working Please make necessary action #sundarpitchai #GoogleIndia #Google,"[{'text': 'sundarpitchai', 'indices': [99, 113]}, {'text': 'GoogleIndia', 'indices': [114, 126]}, {'text': 'Google', 'indices': [127, 134]}]",2021-08-28 20:59:35,56
223,1431723120558288900,#Google Introduces Two New #Datasets For Improved Conversational #NLP #ArtificialIntelligence #AI #Mac,"[{'text': 'Google', 'indices': [36, 43]}, {'text': 'Datasets', 'indices': [63, 72]}, {'text': 'NLP', 'indices': [101, 105]}, {'text': 'ArtificialIntelligence', 'indices': [107, 130]}, {'text': 'AI', 'indices': [131, 134]}]",2021-08-28 20:59:26,8001
224,1431723063486341124,Best #IT #Training amp #Certification Courses #AI #Analytics #IoT #BI #Amazon #AWS #tech #CCN,"[{'text': 'IT', 'indices': [27, 30]}, {'text': 'Training', 'indices': [31, 40]}, {'text': 'Certification', 'indices': [47, 61]}, {'text': 'AI', 'indices': [96, 99]}, {'text': 'Analytics', 'indices': [100, 110]}, {'text': 'IoT', 'indices': [111, 115]}, {'text': 'BI', 'indices': [116, 119]}, {'text': 'Amazon', 'indices': [120, 127]}, {'text': 'AWS', 'indices': [128, 132]}, {'text': 'tech', 'indices': [133, 138]}]",2021-08-28 20:59:13,204
225,1431722994351677442,Best #IT #Training amp #Certification Courses #AI #Analytics #IoT #BI #Amazon #AWS #tech #CCN,"[{'text': 'IT', 'indices': [27, 30]}, {'text': 'Training', 'indices': [31, 40]}, {'text': 'Certification', 'indices': [47, 61]}, {'text': 'AI', 'indices': [96, 99]}, {'text': 'Analytics', 'indices': [100, 110]}, {'text': 'IoT', 'indices': [111, 115]}, {'text': 'BI', 'indices': [116, 119]}, {'text': 'Amazon', 'indices': [120, 127]}, {'text': 'AWS', 'indices': [128, 132]}, {'text': 'tech', 'indices': [133, 138]}]",2021-08-28 20:58:56,1937
226,1431722683415371779,#Google Introduces Two New #Datasets For Improved Conversational #NLP #ArtificialIntelligence #AI #Mac,"[{'text': 'Google', 'indices': [36, 43]}, {'text': 'Datasets', 'indices': [63, 72]}, {'text': 'NLP', 'indices': [101, 105]}, {'text': 'ArtificialIntelligence', 'indices': [107, 130]}, {'text': 'AI', 'indices': [131, 134]}]",2021-08-28 20:57:42,633
227,1431722672422010883,#programming #algorithm #psychology #software #coding #interview #google #DSA #NEWS #learning #Microsoft #tech,"[{'text': 'programming', 'indices': [0, 12]}, {'text': 'algorithm', 'indices': [14, 24]}, {'text': 'psychology', 'indices': [25, 36]}, {'text': 'software', 'indices': [37, 46]}, {'text': 'coding', 'indices': [47, 54]}, {'text': 'interview', 'indices': [55, 65]}, {'text': 'google', 'indices': [67, 74]}, {'text': 'DSA', 'indices': [75, 79]}, {'text': 'NEWS', 'indices': [80, 85]}, {'text': 'learning', 'indices': [86, 95]}, {'text': 'Microsoft', 'indices': [96, 106]}, {'text': 'tech', 'indices': [108, 113]}]",2021-08-28 20:57:39,1269
228,1431722671813894148,MrFahadKhan #Google has agreed pay #Apple whopping billion remain the default search engine its,"[{'text': 'Google', 'indices': [16, 23]}, {'text': 'Apple', 'indices': [42, 48]}]",2021-08-28 20:57:39,1269
229,1431722649554620418,#Google Introduces Two New #Datasets For Improved Conversational #NLP #ArtificialIntelligence #AI #Mac,"[{'text': 'Google', 'indices': [36, 43]}, {'text': 'Datasets', 'indices': [63, 72]}, {'text': 'NLP', 'indices': [101, 105]}, {'text': 'ArtificialIntelligence', 'indices': [107, 130]}, {'text': 'AI', 'indices': [131, 134]}]",2021-08-28 20:57:34,17912
230,1431721863525421065,london refurbishment company #Google,"[{'text': 'Google', 'indices': [53, 60]}]",2021-08-28 20:54:27,0
231,1431721694129963017,Google the internet #google #googl #goog #stock #market #tech #technology #epic #internet #monster,"[{'text': 'google', 'indices': [26, 33]}, {'text': 'googl', 'indices': [34, 40]}, {'text': 'goog', 'indices': [41, 46]}, {'text': 'stock', 'indices': [47, 53]}, {'text': 'market', 'indices': [54, 61]}, {'text': 'tech', 'indices': [62, 67]}, {'text': 'technology', 'indices': [68, 79]}, {'text': 'epic', 'indices': [80, 85]}, {'text': 'internet', 'indices': [86, 95]}, {'text': 'monster', 'indices': [96, 104]}]",2021-08-28 20:53:46,230
232,1431721550412136449,Thank you our wonderful clients that have left #reviews #Google #Yelp and #Facebook you haven lef,"[{'text': 'reviews', 'indices': [68, 76]}, {'text': 'Google', 'indices': [80, 87]}, {'text': 'Yelp', 'indices': [89, 94]}, {'text': 'Facebook', 'indices': [99, 108]}]",2021-08-28 20:53:12,317
233,1431721477485826050,matter your preference headphone style you will find some that work with your #Google assistant #techie,"[{'text': 'Google', 'indices': [88, 95]}, {'text': 'techie', 'indices': [107, 114]}]",2021-08-28 20:52:54,1
234,1431721305003503616,Keyword Tool free online keyword research instrument that uses Google Autocomplete generate hundreds relevant,[],2021-08-28 20:52:13,462
235,1431721003319808010,#Google has agreed pay #Apple whopping billion remain the default search engine its iPhone iPad and iMac,"[{'text': 'Google', 'indices': [17, 24]}, {'text': 'Apple', 'indices': [43, 49]}]",2021-08-28 20:51:01,290
236,1431720996109799433,What have you searched Google for your iPhone iPad today Want delete those searches all your search,[],2021-08-28 20:51:00,14478
237,1431720781445320704,#Google has agreed pay #Apple whopping billion remain the default search engine its iPhone iPad and,"[{'text': 'Google', 'indices': [0, 7]}, {'text': 'Apple', 'indices': [26, 32]}]",2021-08-28 20:50:09,601
238,1431720559625261059,RIP Google Poly had some good times hear decent alternative #Google #gamedev #indi,"[{'text': 'Google', 'indices': [117, 124]}, {'text': 'gamedev', 'indices': [125, 133]}]",2021-08-28 20:49:16,3114
239,1431720034238226433,Dear Trainers DogemonGo the only Free Crypto Game now available #Apple App amp #Google Play Store,"[{'text': 'Apple', 'indices': [100, 106]}, {'text': 'Google', 'indices': [119, 126]}]",2021-08-28 20:47:10,1
240,1431719962490535936,How add device folders Google Drive Back amp Sync Android #Google,"[{'text': 'Google', 'indices': [77, 84]}]",2021-08-28 20:46:53,18990
241,1431719959692906497,Dear Trainers DogemonGo the only Free Crypto Game now available #Apple App amp #Google Play Store,"[{'text': 'Apple', 'indices': [100, 106]}, {'text': 'Google', 'indices': [119, 126]}]",2021-08-28 20:46:53,2
242,1431719749612802048,Keyword Tool free online keyword research instrument that uses Google Autocomplete generate hundreds relev,[],2021-08-28 20:46:03,322
243,1431719332359327745,Guys #followme will #followback #RT #retweet #actress #Almada #DanielaMelchior #DanielaMelchiortiktok #Google,"[{'text': 'followme', 'indices': [9, 18]}, {'text': 'followback', 'indices': [26, 37]}, {'text': 'RT', 'indices': [38, 41]}, {'text': 'retweet', 'indices': [42, 50]}, {'text': 'actress', 'indices': [51, 59]}, {'text': 'Almada', 'indices': [60, 67]}, {'text': 'DanielaMelchior', 'indices': [68, 84]}, {'text': 'DanielaMelchiortiktok', 'indices': [85, 107]}, {'text': 'Google', 'indices': [108, 115]}]",2021-08-28 20:44:23,717
244,1431719046911774723,Today #GoogleDoodle wishes everyone Happy Grandparents Day #GoogleDoodle Find out more,"[{'text': 'GoogleDoodle', 'indices': [24, 37]}, {'text': 'GoogleDoodle', 'indices': [86, 99]}]",2021-08-28 20:43:15,15
245,1431718860357464066,And CIRUS #NoBrainer allows you #Monetize the same Data that companies,"[{'text': 'NoBrainer', 'indices': [33, 43]}, {'text': 'Monetize', 'indices': [77, 86]}]",2021-08-28 20:42:31,89
246,1431718718187479042,Thanks Neil Great constantly read the praise for #rushrallyorigins #NintendoSwitch Also available #ios #appstore,"[{'text': 'rushrallyorigins', 'indices': [68, 85]}, {'text': 'NintendoSwitch', 'indices': [89, 104]}, {'text': 'ios', 'indices': [124, 128]}, {'text': 'appstore', 'indices': [129, 138]}]",2021-08-28 20:41:57,298
247,1431718654647750656,Best #IT #Training amp #Certification Courses #AI #Analytics #IoT #BI #Amazon #AWS #tech #CCN,"[{'text': 'IT', 'indices': [27, 30]}, {'text': 'Training', 'indices': [31, 40]}, {'text': 'Certification', 'indices': [47, 61]}, {'text': 'AI', 'indices': [96, 99]}, {'text': 'Analytics', 'indices': [100, 110]}, {'text': 'IoT', 'indices': [111, 115]}, {'text': 'BI', 'indices': [116, 119]}, {'text': 'Amazon', 'indices': [120, 127]}, {'text': 'AWS', 'indices': [128, 132]}, {'text': 'tech', 'indices': [133, 138]}]",2021-08-28 20:41:41,1806
248,1431717953414868993,Click link #leadsgeneration #Seo #socialmediamarketing #digitalmarketing #videomarketing,"[{'text': 'leadsgeneration', 'indices': [61, 77]}, {'text': 'Seo', 'indices': [78, 82]}, {'text': 'socialmediamarketing', 'indices': [83, 104]}, {'text': 'digitalmarketing', 'indices': [105, 122]}, {'text': 'videomarketing', 'indices': [123, 138]}]",2021-08-28 20:38:54,767
249,1431717930035601409,Click link #leadsgeneration #Seo #socialmediamarketing #digitalmarketing,"[{'text': 'leadsgeneration', 'indices': [40, 56]}, {'text': 'Seo', 'indices': [57, 61]}, {'text': 'socialmediamarketing', 'indices': [62, 83]}, {'text': 'digitalmarketing', 'indices': [84, 101]}]",2021-08-28 20:38:49,29
250,1431717870258507786,Captain Bookshoppe LLC #Google,"[{'text': 'Google', 'indices': [28, 35]}]",2021-08-28 20:38:34,4511
251,1431717685335715840,Schema Expert excellent Experience Google Schema Markup Contact #Ranking,"[{'text': 'Ranking', 'indices': [106, 114]}]",2021-08-28 20:37:50,22
252,1431717549536911367,Newage Mart #Google,"[{'text': 'Google', 'indices': [15, 22]}]",2021-08-28 20:37:18,0
253,1431717548815310848,Schema Expert excellent Experience Google Schema Markup Contact #Ranking,"[{'text': 'Ranking', 'indices': [106, 114]}]",2021-08-28 20:37:18,71
254,1431717445459320835,Schema Expert excellent Experience Google Schema Markup Contact #Ranking,"[{'text': 'Ranking', 'indices': [106, 114]}]",2021-08-28 20:36:53,2
255,1431717384776204296,OMG this advertisement get second place reward after The Outer Worlds trailer personal list for The,[],2021-08-28 20:36:39,83
256,1431717381521358850,Schema Expert excellent Experience Google Schema Markup Contact #Ranking,"[{'text': 'Ranking', 'indices': [106, 114]}]",2021-08-28 20:36:38,4
257,1431717303482142724,Schema Expert excellent Experience Google Schema Markup Contact #Ranking,"[{'text': 'Ranking', 'indices': [106, 114]}]",2021-08-28 20:36:19,720
258,1431717178135490567,Google rewrote its algorithms for news searches order target #Trump according #Google whistleblo,"[{'text': 'Trump', 'indices': [82, 88]}, {'text': 'Google', 'indices': [121, 128]}]",2021-08-28 20:35:49,308
259,1431717047147405312,willing compete with #Amazon #Google #Apple #Netflix Prevent #Hyperinflation and access monet,"[{'text': 'Amazon', 'indices': [30, 37]}, {'text': 'Google', 'indices': [40, 47]}, {'text': 'Apple', 'indices': [50, 56]}, {'text': 'Netflix', 'indices': [59, 67]}, {'text': 'Hyperinflation', 'indices': [77, 92]}]",2021-08-28 20:35:18,13
260,1431716720599658498,How recover deleted photos from #Google Drive Google #Photos #MachineLearning #Dat,"[{'text': 'Google', 'indices': [56, 63]}, {'text': 'Photos', 'indices': [80, 87]}, {'text': 'MachineLearning', 'indices': [118, 134]}]",2021-08-28 20:34:00,2422
261,1431716700517453830,This excellent school chain Google School and our students would definitely benefit,[],2021-08-28 20:33:56,31
262,1431716350565699586,just released full review for the Google Pixel Check out #TeamPixel #GiftFromGoog,"[{'text': 'TeamPixel', 'indices': [115, 125]}]",2021-08-28 20:32:32,553
263,1431715817008345101,#SaveChilasFort Chilas Fort #Google,"[{'text': 'SaveChilasFort', 'indices': [0, 15]}, {'text': 'Google', 'indices': [31, 38]}]",2021-08-28 20:30:25,2969
264,1431715761618178051,Omg seriously #google Select all now selects all coffee mug was nearby did you think wanted copy,"[{'text': 'google', 'indices': [14, 21]}]",2021-08-28 20:30:12,1396
265,1431715713195065347,Why You Suddenly Need Delete #Google Chrome #privacy,"[{'text': 'Google', 'indices': [32, 39]}, {'text': 'privacy', 'indices': [71, 79]}]",2021-08-28 20:30:00,117315
