,id,text,Hashtags,date,follower_count
0,1431777940853956608,"RT @haycutter85: It's August 29, 2021 at 02:16AM to buy a #oneplus #device #smoothos #90hz #oneplus8tpro #neversettle #beyondthespeed #7tpr‚Ä¶","[{'text': 'oneplus', 'indices': [58, 66]}, {'text': 'device', 'indices': [67, 74]}, {'text': 'smoothos', 'indices': [75, 84]}, {'text': '90hz', 'indices': [85, 90]}, {'text': 'oneplus8tpro', 'indices': [91, 104]}, {'text': 'neversettle', 'indices': [105, 117]}, {'text': 'beyondthespeed', 'indices': [118, 133]}]",2021-08-29 00:37:16,231
1,1431777710766968834,"RT @twelvesec: #Google #Dragnets gave to the police data on phones located at Kenosha riot arsons.
#CyberSecurity, #infosec, #privacy
https‚Ä¶","[{'text': 'Google', 'indices': [15, 22]}, {'text': 'Dragnets', 'indices': [23, 32]}, {'text': 'CyberSecurity', 'indices': [99, 113]}, {'text': 'infosec', 'indices': [115, 123]}, {'text': 'privacy', 'indices': [125, 133]}]",2021-08-29 00:36:22,921
2,1431777224030556160,RT @LondonRefurbis2: london refurbishment company on #Google https://t.co/fmPNofFpZk,"[{'text': 'Google', 'indices': [53, 60]}]",2021-08-29 00:34:26,0
3,1431777110490640390,"RT @twelvesec: #Google #Dragnets gave to the police data on phones located at Kenosha riot arsons.
#CyberSecurity, #infosec, #privacy
https‚Ä¶","[{'text': 'Google', 'indices': [15, 22]}, {'text': 'Dragnets', 'indices': [23, 32]}, {'text': 'CyberSecurity', 'indices': [99, 113]}, {'text': 'infosec', 'indices': [115, 123]}, {'text': 'privacy', 'indices': [125, 133]}]",2021-08-29 00:33:58,668
4,1431777014525177858,RT @GameDevNews1: NailBiting Runner Game Download: https://t.co/eXE2GqsRBZ #mobilegames #games #gamer #videogames #videogame #IndieGameDev‚Ä¶,"[{'text': 'mobilegames', 'indices': [75, 87]}, {'text': 'games', 'indices': [88, 94]}, {'text': 'gamer', 'indices': [95, 101]}, {'text': 'videogames', 'indices': [102, 113]}, {'text': 'videogame', 'indices': [114, 124]}, {'text': 'IndieGameDev', 'indices': [125, 138]}]",2021-08-29 00:33:36,1869
5,1431776976042438657,"RT @twelvesec: #Google #Dragnets gave to the police data on phones located at Kenosha riot arsons.
#CyberSecurity, #infosec, #privacy
https‚Ä¶","[{'text': 'Google', 'indices': [15, 22]}, {'text': 'Dragnets', 'indices': [23, 32]}, {'text': 'CyberSecurity', 'indices': [99, 113]}, {'text': 'infosec', 'indices': [115, 123]}, {'text': 'privacy', 'indices': [125, 133]}]",2021-08-29 00:33:26,2048
6,1431776875806855168,"#Google #Dragnets gave to the police data on phones located at Kenosha riot arsons.
#CyberSecurity, #infosec,‚Ä¶ https://t.co/WZLAXrnPGM","[{'text': 'Google', 'indices': [0, 7]}, {'text': 'Dragnets', 'indices': [8, 17]}, {'text': 'CyberSecurity', 'indices': [84, 98]}, {'text': 'infosec', 'indices': [100, 108]}]",2021-08-29 00:33:02,1156
7,1431776804663005188,RT @GameDevNews1: NailBiting Runner Game Download: https://t.co/eXE2GqsRBZ #mobilegames #games #gamer #videogames #videogame #IndieGameDev‚Ä¶,"[{'text': 'mobilegames', 'indices': [75, 87]}, {'text': 'games', 'indices': [88, 94]}, {'text': 'gamer', 'indices': [95, 101]}, {'text': 'videogames', 'indices': [102, 113]}, {'text': 'videogame', 'indices': [114, 124]}, {'text': 'IndieGameDev', 'indices': [125, 138]}]",2021-08-29 00:32:46,3166
8,1431776429079875588,"@MikeDavisYT $CIRUS needs to be talked about

@CirusFoundation is literally allowing you to take your $$$ back from‚Ä¶ https://t.co/t8lmIcnvCj",[],2021-08-29 00:31:16,89
9,1431774725525676032,"Wireless #Security Camera Outdoor, 1080P Solar Powered Home Surveillance Cam with 15000mAh Rechargeable Battery, PI‚Ä¶ https://t.co/t1PK6jnlYZ","[{'text': 'Security', 'indices': [9, 18]}]",2021-08-29 00:24:30,208
10,1431774169923035136,Groovy Hemp Company on #Google https://t.co/Su17gMiAWZ,"[{'text': 'Google', 'indices': [23, 30]}]",2021-08-29 00:22:17,3637
11,1431774018860900359,"RT @BritishProg: #BPR was already in the first page of the Google search. It is now the FIRST result overall! An account with 28,550 wonder‚Ä¶","[{'text': 'BPR', 'indices': [17, 21]}]",2021-08-29 00:21:41,1377
12,1431773022969638914,RT @alialzanaty1: @0dayCTF @calebjstewart @_johnhammond ‚ö°Ô∏è#Google Introduces Two New #Datasets For Improved Conversational #NLP  #Artificia‚Ä¶,"[{'text': 'Google', 'indices': [58, 65]}, {'text': 'Datasets', 'indices': [85, 94]}, {'text': 'NLP', 'indices': [123, 127]}]",2021-08-29 00:17:44,321
13,1431772925552693252,RT @GameDevNews1: NailBiting Runner Game Download: https://t.co/eXE2GqsRBZ #mobilegames #games #gamer #videogames #videogame #IndieGameDev‚Ä¶,"[{'text': 'mobilegames', 'indices': [75, 87]}, {'text': 'games', 'indices': [88, 94]}, {'text': 'gamer', 'indices': [95, 101]}, {'text': 'videogames', 'indices': [102, 113]}, {'text': 'videogame', 'indices': [114, 124]}, {'text': 'IndieGameDev', 'indices': [125, 138]}]",2021-08-29 00:17:21,5277
14,1431772664759205890,"It's August 29, 2021 at 02:16AM to buy a #oneplus #device #smoothos #90hz #oneplus8tpro #neversettle‚Ä¶ https://t.co/3JCXUgFZjK","[{'text': 'oneplus', 'indices': [41, 49]}, {'text': 'device', 'indices': [50, 57]}, {'text': 'smoothos', 'indices': [58, 67]}, {'text': '90hz', 'indices': [68, 73]}, {'text': 'oneplus8tpro', 'indices': [74, 87]}, {'text': 'neversettle', 'indices': [88, 100]}]",2021-08-29 00:16:18,120
15,1431772627971018768,Georgia Vasectomy/ Vasectomy Reversal -John Clay McHugh M.D. on #Google https://t.co/CiqeBOwIEu,"[{'text': 'Google', 'indices': [64, 71]}]",2021-08-29 00:16:10,990
16,1431772550011387907,&amp; security with us left with no choice but to use fucking @Android Phones without the #google stock apps ! Talk abo‚Ä¶ https://t.co/3nstjlUueG,"[{'text': 'google', 'indices': [90, 97]}]",2021-08-29 00:15:51,73
17,1431772536790999043,RT @alialzanaty1: @0dayCTF @calebjstewart @_johnhammond ‚ö°Ô∏è#Google Introduces Two New #Datasets For Improved Conversational #NLP  #Artificia‚Ä¶,"[{'text': 'Google', 'indices': [58, 65]}, {'text': 'Datasets', 'indices': [85, 94]}, {'text': 'NLP', 'indices': [123, 127]}]",2021-08-29 00:15:48,633
18,1431772529551683596,RT @alialzanaty1: @0dayCTF @calebjstewart @_johnhammond ‚ö°Ô∏è#Google Introduces Two New #Datasets For Improved Conversational #NLP  #Artificia‚Ä¶,"[{'text': 'Google', 'indices': [58, 65]}, {'text': 'Datasets', 'indices': [85, 94]}, {'text': 'NLP', 'indices': [123, 127]}]",2021-08-29 00:15:46,824
19,1431772349137829890,"RT @ThejuPaul: What #Religion can do for #AI? 

https://t.co/vLmV0FKaf6

#Art #MachineLearning #DeepLearning #ArtificialIntelligence #Datas‚Ä¶","[{'text': 'Religion', 'indices': [20, 29]}, {'text': 'AI', 'indices': [41, 44]}, {'text': 'Art', 'indices': [73, 77]}, {'text': 'MachineLearning', 'indices': [78, 94]}, {'text': 'DeepLearning', 'indices': [95, 108]}, {'text': 'ArtificialIntelligence', 'indices': [109, 132]}]",2021-08-29 00:15:03,824
20,1431772142824312832,"is google been hacked?
when i search i get forwarded to https://t.co/36VaXaw0b1 then https://t.co/ABfia0yYkT
few qu‚Ä¶ https://t.co/c6lm5yG1Lf",[],2021-08-29 00:14:14,332
21,1431771962808827906,Attention! OneCoin Cryptocurrency Has Full Compliance On All Members Accounts Global! Join Free or Upgrade For Unli‚Ä¶ https://t.co/UzIuLKVLKd,[],2021-08-29 00:13:31,2834
22,1431771618590670848,"@scottmelker $CIRUS needs to be talked about

@CirusFoundation is literally allowing you to take your $$$ back from‚Ä¶ https://t.co/J5oVAmoOaS",[],2021-08-29 00:12:09,89
23,1431771523358941184,"@TheRocketCrypto @RealFlokiInu $CIRUS needs to be talked about

@CirusFoundation is literally allowing you to take‚Ä¶ https://t.co/HrJIT4Pfgt",[],2021-08-29 00:11:46,89
24,1431771236808364036,"@360_trader $CIRUS needs to be talked about

@CirusFoundation is literally allowing you to take your $$$ back from‚Ä¶ https://t.co/KIJRVSd9lu",[],2021-08-29 00:10:38,89
25,1431770995166228489,"RT @EvolvingEd: Prepare for that next job in education or your first job as an educational leader.

Get #Google Certified or attend one of‚Ä¶","[{'text': 'Google', 'indices': [104, 111]}]",2021-08-29 00:09:40,6790
26,1431770938891067394,"@nucciogreis $CIRUS needs to be talked about

@CirusFoundation is literally allowing you to take your $$$ back from‚Ä¶ https://t.co/84jgYoHWF9",[],2021-08-29 00:09:27,89
27,1431770851578368001,RT @TopLevelTraffic: Top Level Traffic - Web Design Bridgend on #Google https://t.co/nimoJNiBQW #topleveltraffic #bridgend #digitalmarketin‚Ä¶,"[{'text': 'Google', 'indices': [64, 71]}, {'text': 'topleveltraffic', 'indices': [96, 112]}, {'text': 'bridgend', 'indices': [113, 122]}]",2021-08-29 00:09:06,5924
28,1431770811254329348,RT @techirepair: Best Computer Repair - Bridgend and South Wales on #Google https://t.co/wY6bsO8HpI #custombuild #customgamingpc #gaming #b‚Ä¶,"[{'text': 'Google', 'indices': [68, 75]}, {'text': 'custombuild', 'indices': [100, 112]}, {'text': 'customgamingpc', 'indices': [113, 128]}, {'text': 'gaming', 'indices': [129, 136]}]",2021-08-29 00:08:57,5924
29,1431770662700412930,"RT @tinadarrenseo: 3 Technical SEO Tips to Help Your Site Rank

1. Glean hints from the SERPs
2. Look to the search engines
3. Marry your c‚Ä¶",[],2021-08-29 00:08:21,419
30,1431770340598951941,"*#SAVE ¬£90* #LG 50"" 4K #Smart UHD TV - #Google Assistant &amp; #Alexa ¬£509 with Code at #Hughes https://t.co/RVuzDRcrxe #lduk via @LatestDealsUK","[{'text': 'SAVE', 'indices': [1, 6]}, {'text': 'LG', 'indices': [12, 15]}, {'text': 'Smart', 'indices': [23, 29]}, {'text': 'Google', 'indices': [39, 46]}, {'text': 'Alexa', 'indices': [63, 69]}, {'text': 'Hughes', 'indices': [88, 95]}, {'text': 'lduk', 'indices': [120, 125]}]",2021-08-29 00:07:04,741
31,1431769561985073153,"RT @FirstLa14340074: @IlanMuskat Perhaps a good thing the #Jedi deal is renegotiated
#Microsoft #AWS #Google #IBM","[{'text': 'Jedi', 'indices': [58, 63]}, {'text': 'Microsoft', 'indices': [85, 95]}, {'text': 'AWS', 'indices': [96, 100]}, {'text': 'Google', 'indices': [101, 108]}, {'text': 'IBM', 'indices': [109, 113]}]",2021-08-29 00:03:59,1937
32,1431769557962739713,"RT @CSA_DVillamizar: IlanMuskat Perhaps a good thing the #Jedi deal is renegotiated
#Microsoft #AWS #Google #IBM Translated using #Microsof‚Ä¶","[{'text': 'Jedi', 'indices': [57, 62]}, {'text': 'Microsoft', 'indices': [84, 94]}, {'text': 'AWS', 'indices': [95, 99]}, {'text': 'Google', 'indices': [100, 107]}, {'text': 'IBM', 'indices': [108, 112]}]",2021-08-29 00:03:58,1937
33,1431769481529987075,RT @alialzanaty1: @Khulood_Almani ‚ö°Ô∏è#Google Introduces Two New #Datasets For Improved Conversational #NLP  #ArtificialIntelligence #AI #Mac‚Ä¶,"[{'text': 'Google', 'indices': [36, 43]}, {'text': 'Datasets', 'indices': [63, 72]}, {'text': 'NLP', 'indices': [101, 105]}, {'text': 'ArtificialIntelligence', 'indices': [107, 130]}, {'text': 'AI', 'indices': [131, 134]}]",2021-08-29 00:03:40,903
34,1431768892263870465,It's absolutely bang-on! #usher #crowder #june22coup #google #ethan https://t.co/56C9YNrEmG,"[{'text': 'usher', 'indices': [25, 31]}, {'text': 'crowder', 'indices': [32, 40]}, {'text': 'june22coup', 'indices': [41, 52]}, {'text': 'google', 'indices': [53, 60]}, {'text': 'ethan', 'indices': [61, 67]}]",2021-08-29 00:01:19,4
35,1431768661199622146,Google announced a major impending change to their algorithm over a year ago giving everyone an opportunity to get‚Ä¶ https://t.co/9aIWaiX8lg,[],2021-08-29 00:00:24,8818
36,1431768575224651776,"Man Eaglin, Notary Public on #Google https://t.co/aFK76OXhCL","[{'text': 'Google', 'indices': [29, 36]}]",2021-08-29 00:00:03,114
37,1431767980107571200,"IlanMuskat Perhaps a good thing the #Jedi deal is renegotiated
#Microsoft #AWS #Google #IBM Translated using #MicrosoftFlow","[{'text': 'Jedi', 'indices': [36, 41]}, {'text': 'Microsoft', 'indices': [63, 73]}, {'text': 'AWS', 'indices': [74, 78]}, {'text': 'Google', 'indices': [79, 86]}, {'text': 'IBM', 'indices': [87, 91]}, {'text': 'MicrosoftFlow', 'indices': [109, 123]}]",2021-08-28 23:57:42,1269
38,1431767878097948673,How to Get Google Adsense Approval in 2021 https://t.co/DTc8RIm7nc #google-adsense,"[{'text': 'google', 'indices': [67, 74]}]",2021-08-28 23:57:17,1249
39,1431767654650417155,"RT @CsharpCorner: Google is looking for Senior Engineering Manager, Android App Safety in California, USA.

Read more and apply here&gt;&gt; http‚Ä¶",[],2021-08-28 23:56:24,63811
40,1431767372231163906,"RT @ThejuPaul: What #Religion can do for #AI? 

https://t.co/vLmV0FKaf6

#Art #MachineLearning #DeepLearning #ArtificialIntelligence #Datas‚Ä¶","[{'text': 'Religion', 'indices': [20, 29]}, {'text': 'AI', 'indices': [41, 44]}, {'text': 'Art', 'indices': [73, 77]}, {'text': 'MachineLearning', 'indices': [78, 94]}, {'text': 'DeepLearning', 'indices': [95, 108]}, {'text': 'ArtificialIntelligence', 'indices': [109, 132]}]",2021-08-28 23:55:17,2422
41,1431767136003780612,"RT @citizenj17: @JoseSebBach @YoMommyDearest @DellDurant4 @lopez4schools @usfca Ms. Lopez refers to herself as ‚ÄúLa Sucia,‚Äù as evidenced by‚Ä¶",[],2021-08-28 23:54:20,410
42,1431767076830695429,"I was today years older when ‚Ä¶. #Google 

Thanks @equitydotguru https://t.co/Nr2z5Wh2ho","[{'text': 'Google', 'indices': [32, 39]}]",2021-08-28 23:54:06,1771
43,1431766489804255233,"RT @ThejuPaul: What #Religion can do for #AI? 

https://t.co/vLmV0FKaf6

#Art #MachineLearning #DeepLearning #ArtificialIntelligence #Datas‚Ä¶","[{'text': 'Religion', 'indices': [20, 29]}, {'text': 'AI', 'indices': [41, 44]}, {'text': 'Art', 'indices': [73, 77]}, {'text': 'MachineLearning', 'indices': [78, 94]}, {'text': 'DeepLearning', 'indices': [95, 108]}, {'text': 'ArtificialIntelligence', 'indices': [109, 132]}]",2021-08-28 23:51:46,633
44,1431766486809550852,"@IlanMuskat Perhaps a good thing the #Jedi deal is renegotiated
#Microsoft #AWS #Google #IBM","[{'text': 'Jedi', 'indices': [37, 42]}, {'text': 'Microsoft', 'indices': [64, 74]}, {'text': 'AWS', 'indices': [75, 79]}, {'text': 'Google', 'indices': [80, 87]}, {'text': 'IBM', 'indices': [88, 92]}]",2021-08-28 23:51:46,101
45,1431766485744209925,"RT @ThejuPaul: What #Religion can do for #AI? 

https://t.co/vLmV0FKaf6

#Art #MachineLearning #DeepLearning #ArtificialIntelligence #Datas‚Ä¶","[{'text': 'Religion', 'indices': [20, 29]}, {'text': 'AI', 'indices': [41, 44]}, {'text': 'Art', 'indices': [73, 77]}, {'text': 'MachineLearning', 'indices': [78, 94]}, {'text': 'DeepLearning', 'indices': [95, 108]}, {'text': 'ArtificialIntelligence', 'indices': [109, 132]}]",2021-08-28 23:51:45,903
46,1431766451078184964,Read all the way through and decide for yourself‚Äîbut there aren‚Äôt many obvious options for the #Google-connected wo‚Ä¶ https://t.co/Ty2mLuQGaN,"[{'text': 'Google', 'indices': [95, 102]}]",2021-08-28 23:51:37,1010
47,1431766184404287491,"RT @citizenj17: @JoseSebBach @YoMommyDearest @DellDurant4 @lopez4schools @usfca Ms. Lopez refers to herself as ‚ÄúLa Sucia,‚Äù as evidenced by‚Ä¶",[],2021-08-28 23:50:33,2071
48,1431766066867413003,RT @LondonRefurbis2: london refurbishment company on #Google https://t.co/fmPNofFpZk,"[{'text': 'Google', 'indices': [53, 60]}]",2021-08-28 23:50:05,0
49,1431765923250196490,Xtreme Reggae Dancehall International Promotions Hub on #Google https://t.co/ti9Cx58L3E,"[{'text': 'Google', 'indices': [56, 63]}]",2021-08-28 23:49:31,1173
50,1431765742572040195,"@JoseSebBach @YoMommyDearest @DellDurant4 @lopez4schools @usfca Ms. Lopez refers to herself as ‚ÄúLa Sucia,‚Äù as evide‚Ä¶ https://t.co/dpsgc2mTHu",[],2021-08-28 23:48:48,2071
51,1431765739220832261,How to Fake your Location in #Google Chrome Sometimes websites may request access to your location so that they can‚Ä¶ https://t.co/UHJasjBPaR,"[{'text': 'Google', 'indices': [29, 36]}]",2021-08-28 23:48:47,629
52,1431765275414781952,"""Self-driving delivery #startup Nuro is building a manufacturing facility and test track in Nevada, in a dramatic e‚Ä¶ https://t.co/8puE3XHo98","[{'text': 'startup', 'indices': [23, 31]}]",2021-08-28 23:46:57,3578
53,1431764867455741952,"Where is the discussion on how companies require utilization of #Chrome to access their services, data, etc for bus‚Ä¶ https://t.co/x1uU11yctv","[{'text': 'Chrome', 'indices': [64, 71]}]",2021-08-28 23:45:19,44
54,1431764808706269185,Crossroad Baptist ministry on #Google https://t.co/LBJO97SRHE,"[{'text': 'Google', 'indices': [30, 37]}]",2021-08-28 23:45:05,44
55,1431763288803713026,"Charge it wherever you go - Magnetic Wireless Charger
 
 Amazon: https://t.co/SBrN0V6NCo
 -
 -
 #magsafe #iPhone12‚Ä¶ https://t.co/g8WN4xLqRw","[{'text': 'magsafe', 'indices': [96, 104]}, {'text': 'iPhone12', 'indices': [105, 114]}]",2021-08-28 23:39:03,19
56,1431762509162184707,Botox and Fillers By Curated Medical on #Google https://t.co/d4ldANu21M #Botox #Fillers #AZ,"[{'text': 'Google', 'indices': [40, 47]}, {'text': 'Botox', 'indices': [72, 78]}, {'text': 'Fillers', 'indices': [79, 87]}, {'text': 'AZ', 'indices': [88, 91]}]",2021-08-28 23:35:57,0
57,1431761318697046021,RT @ETNOWlive: #Google could be on its way to make substantial #investments worth thousands of crores into #BhartiAirtel. Check out the det‚Ä¶,"[{'text': 'Google', 'indices': [15, 22]}, {'text': 'investments', 'indices': [63, 75]}, {'text': 'BhartiAirtel', 'indices': [107, 120]}]",2021-08-28 23:31:13,54
58,1431761177005207553,"RT @goprotoz: Best Figma Shortcutsüî•

Hope you all liked this ‚ù§

Helpful!!!?

Retweet this post so it may help someone üòâ

Part - 2

#ui #ux‚Ä¶","[{'text': 'ui', 'indices': [131, 134]}, {'text': 'ux', 'indices': [135, 138]}]",2021-08-28 23:30:40,295
59,1431760375385444352,"Im back at the Fruite garden...
At the right time or shoud've wait for iPhone13 or Pixel6?
#quadlockcase #quadlock‚Ä¶ https://t.co/CZo78KYWAI","[{'text': 'quadlockcase', 'indices': [91, 104]}, {'text': 'quadlock', 'indices': [105, 114]}]",2021-08-28 23:27:28,6
60,1431759673116475392,How beautiful is that? #usher #crowder #june22coup #google #ethan https://t.co/P3cgdvKH71,"[{'text': 'usher', 'indices': [23, 29]}, {'text': 'crowder', 'indices': [30, 38]}, {'text': 'june22coup', 'indices': [39, 50]}, {'text': 'google', 'indices': [51, 58]}, {'text': 'ethan', 'indices': [59, 65]}]",2021-08-28 23:24:41,4
61,1431759489624117251,"RT @Khulood_Almani: ‚ú®üíª#Microsoft, #Google to Invest $30 Billion in #Cybersecurity Over Next 5 Years

üëâhttps://t.co/0aZrebX2gQ

#MachineLear‚Ä¶","[{'text': 'Microsoft', 'indices': [22, 32]}, {'text': 'Google', 'indices': [34, 41]}, {'text': 'Cybersecurity', 'indices': [67, 81]}]",2021-08-28 23:23:57,1937
62,1431758987792461830,RT @realmethod41: #Technology Alone Does Not Make A Company Great https://t.co/b2Cbi3scUn #ebay #freemarket #google #innovation #marketplac‚Ä¶,"[{'text': 'Technology', 'indices': [18, 29]}, {'text': 'ebay', 'indices': [90, 95]}, {'text': 'freemarket', 'indices': [96, 107]}, {'text': 'google', 'indices': [108, 115]}, {'text': 'innovation', 'indices': [116, 127]}]",2021-08-28 23:21:58,3142
63,1431758854950465540,How My #UrinaryIncontinence Experience led to a Natural Cure #Google https://t.co/tyE82J0oUY,"[{'text': 'UrinaryIncontinence', 'indices': [7, 27]}, {'text': 'Google', 'indices': [61, 68]}]",2021-08-28 23:21:26,333
64,1431758709252841474,"RT @EvolvingEd: Prepare for that next job in education or your first job as an educational leader.

Get #Google Certified or attend one of‚Ä¶","[{'text': 'Google', 'indices': [104, 111]}]",2021-08-28 23:20:51,15729
65,1431758504285642758,#Technology Alone Does Not Make A Company Great https://t.co/b2Cbi3scUn #ebay #freemarket #google #innovation‚Ä¶ https://t.co/IkwsftAngR,"[{'text': 'Technology', 'indices': [0, 11]}, {'text': 'ebay', 'indices': [72, 77]}, {'text': 'freemarket', 'indices': [78, 89]}, {'text': 'google', 'indices': [90, 97]}, {'text': 'innovation', 'indices': [98, 109]}]",2021-08-28 23:20:02,11218
66,1431758180179058690,Cooprider Family Collection on #Google https://t.co/0Iw7hgjyDb https://t.co/bRshnkdr0E,"[{'text': 'Google', 'indices': [31, 38]}]",2021-08-28 23:18:45,581
67,1431757630763110402,"RT @Khulood_Almani: üì≤How to recover deleted photos from #Google Drive or Google #Photos ‚ÅâÔ∏è

üëâhttps://t.co/ezgCIiCHao

#MachineLearning #Dat‚Ä¶","[{'text': 'Google', 'indices': [56, 63]}, {'text': 'Photos', 'indices': [80, 87]}, {'text': 'MachineLearning', 'indices': [118, 134]}]",2021-08-28 23:16:34,1866
68,1431757581475778560,"RT @Khulood_Almani: ‚ú®üíª#Microsoft, #Google to Invest $30 Billion in #Cybersecurity Over Next 5 Years

üëâhttps://t.co/0aZrebX2gQ

#MachineLear‚Ä¶","[{'text': 'Microsoft', 'indices': [22, 32]}, {'text': 'Google', 'indices': [34, 41]}, {'text': 'Cybersecurity', 'indices': [67, 81]}]",2021-08-28 23:16:22,1866
69,1431757570436390920,"It's August 29, 2021 at 01:16AM to buy a #oneplus #device #smoothos #90hz #oneplus8tpro #neversettle‚Ä¶ https://t.co/FIrei9q4yC","[{'text': 'oneplus', 'indices': [41, 49]}, {'text': 'device', 'indices': [50, 57]}, {'text': 'smoothos', 'indices': [58, 67]}, {'text': '90hz', 'indices': [68, 73]}, {'text': 'oneplus8tpro', 'indices': [74, 87]}, {'text': 'neversettle', 'indices': [88, 100]}]",2021-08-28 23:16:20,120
70,1431757284405874688,"I remeber when you could say ""google it"" and it meant something. 
Now you get whatever they decide and garbage spam
#google @Google","[{'text': 'google', 'indices': [116, 123]}]",2021-08-28 23:15:12,7
71,1431755710501580806,RT @sejournal: Google's Danny Sullivan confirms the search engine is updating the way it generates web page titles in search results. via @‚Ä¶,[],2021-08-28 23:08:56,822
72,1431755434357149697,RT @alialzanaty1: @Khulood_Almani ‚ö°Ô∏è#Google Introduces Two New #Datasets For Improved Conversational #NLP  #ArtificialIntelligence #AI #Mac‚Ä¶,"[{'text': 'Google', 'indices': [36, 43]}, {'text': 'Datasets', 'indices': [63, 72]}, {'text': 'NLP', 'indices': [101, 105]}, {'text': 'ArtificialIntelligence', 'indices': [107, 130]}, {'text': 'AI', 'indices': [131, 134]}]",2021-08-28 23:07:50,3562
73,1431755424466968581,RT @SNkusi: just being an apprenti oracle &gt;&gt;&gt; what if #google was to buy #BlackBerry&gt;&gt;&gt; imagine the type of algos that could be deducted fr‚Ä¶,"[{'text': 'google', 'indices': [63, 70]}, {'text': 'BlackBerry', 'indices': [82, 93]}]",2021-08-28 23:07:48,3562
74,1431754660117893122,"A decade and a half of instability: 

https://t.co/le3Tdbv5Rz

#Google #instability","[{'text': 'Google', 'indices': [63, 70]}, {'text': 'instability', 'indices': [71, 83]}]",2021-08-28 23:04:46,670
75,1431754528827789312,just being an apprenti oracle &gt;&gt;&gt; what if #google was to buy #BlackBerry&gt;&gt;&gt; imagine the type of algos that could be‚Ä¶ https://t.co/VoPMXoPJoE,"[{'text': 'google', 'indices': [51, 58]}, {'text': 'BlackBerry', 'indices': [70, 81]}]",2021-08-28 23:04:15,15
76,1431754480677179393,"[Auto-align Car Charger]
Do you hate the moment when you bought a wireless car charger for smart use but didn't get‚Ä¶ https://t.co/NQGEML57aL",[],2021-08-28 23:04:03,19
77,1431754459009454081,RT @alialzanaty1: @Khulood_Almani ‚ö°Ô∏è#Google Introduces Two New #Datasets For Improved Conversational #NLP  #ArtificialIntelligence #AI #Mac‚Ä¶,"[{'text': 'Google', 'indices': [36, 43]}, {'text': 'Datasets', 'indices': [63, 72]}, {'text': 'NLP', 'indices': [101, 105]}, {'text': 'ArtificialIntelligence', 'indices': [107, 130]}, {'text': 'AI', 'indices': [131, 134]}]",2021-08-28 23:03:58,1937
78,1431754256139395074,"100K+ #Google searches 4 @realmadriden 2h old https://t.co/UjaZotKzkP https://t.co/HA3OtosqA4 
#Seville üåÖ 7:52 üåÜ 20‚Ä¶ https://t.co/rIxINqUUqb","[{'text': 'Google', 'indices': [6, 13]}, {'text': 'Seville', 'indices': [95, 103]}]",2021-08-28 23:03:10,3326
79,1431754233192329224,"RT @PalashC82792071: 7 Ways Businesses Benefit From Google Ads PPC https://t.co/FNdHVNwaFz

#PPC #PPCchat #PPC2021 #PayPerClick #SEM #ROI #‚Ä¶","[{'text': 'PPC', 'indices': [92, 96]}, {'text': 'PPCchat', 'indices': [97, 105]}, {'text': 'PPC2021', 'indices': [106, 114]}, {'text': 'PayPerClick', 'indices': [115, 127]}, {'text': 'SEM', 'indices': [128, 132]}, {'text': 'ROI', 'indices': [133, 137]}]",2021-08-28 23:03:04,9836
80,1431754068502798337,RT @alialzanaty1: @Khulood_Almani ‚ö°Ô∏è#Google Introduces Two New #Datasets For Improved Conversational #NLP  #ArtificialIntelligence #AI #Mac‚Ä¶,"[{'text': 'Google', 'indices': [36, 43]}, {'text': 'Datasets', 'indices': [63, 72]}, {'text': 'NLP', 'indices': [101, 105]}, {'text': 'ArtificialIntelligence', 'indices': [107, 130]}, {'text': 'AI', 'indices': [131, 134]}]",2021-08-28 23:02:25,321
81,1431753708631691270,"RT @mobee_k: Charge it wherever you go - Magnetic Wireless Charger

Automobile https://t.co/SBrN0V6NCo
-
-
#magsafe #iPhone12 #iphonecharge‚Ä¶","[{'text': 'magsafe', 'indices': [107, 115]}, {'text': 'iPhone12', 'indices': [116, 125]}]",2021-08-28 23:00:59,92
82,1431753603220398081,"Charge it wherever you go - Magnetic Wireless Charger

Automobile https://t.co/SBrN0V6NCo
-
-
#magsafe #iPhone12‚Ä¶ https://t.co/dikqjq2YDr","[{'text': 'magsafe', 'indices': [94, 102]}, {'text': 'iPhone12', 'indices': [103, 112]}]",2021-08-28 23:00:34,19
83,1431753481447149568,"I Will Rank Your Website On Top of GOOGLE Search Engine With My White Hat SEO Strategy

Message me on Fiverr:‚Ä¶ https://t.co/DCQP5XdQvr",[],2021-08-28 23:00:05,2
84,1431753212139352071,"RT @PalashC82792071: 7 Ways Businesses Benefit From Google Ads PPC https://t.co/FNdHVNwaFz

#PPC #PPCchat #PPC2021 #PayPerClick #SEM #ROI #‚Ä¶","[{'text': 'PPC', 'indices': [92, 96]}, {'text': 'PPCchat', 'indices': [97, 105]}, {'text': 'PPC2021', 'indices': [106, 114]}, {'text': 'PayPerClick', 'indices': [115, 127]}, {'text': 'SEM', 'indices': [128, 132]}, {'text': 'ROI', 'indices': [133, 137]}]",2021-08-28 22:59:01,213272
85,1431753189997547529,RT @schachin: It's ironic that @Google slammed black hatters for years for content spinning but now have developed a whole AI product (MUM)‚Ä¶,[],2021-08-28 22:58:55,23469
86,1431752575792078848,Xtreme Reggae Dancehall International Promotions Hub on @dadonmuzic  #Google https://t.co/8N7NX4crqf,"[{'text': 'Google', 'indices': [69, 76]}]",2021-08-28 22:56:29,1173
87,1431752177916198913,#usher #crowder #june22coup #google #ethan #cristiano #cristiano ronaldo Impact Cordless Screwdriver Cordless Drill‚Ä¶ https://t.co/VL04H4Ripi,"[{'text': 'usher', 'indices': [0, 6]}, {'text': 'crowder', 'indices': [7, 15]}, {'text': 'june22coup', 'indices': [16, 27]}, {'text': 'google', 'indices': [28, 35]}, {'text': 'ethan', 'indices': [36, 42]}, {'text': 'cristiano', 'indices': [43, 53]}, {'text': 'cristiano', 'indices': [54, 64]}]",2021-08-28 22:54:54,4
88,1431751392255954947,RT @alialzanaty1: @Khulood_Almani ‚ö°Ô∏è#Google Introduces Two New #Datasets For Improved Conversational #NLP  #ArtificialIntelligence #AI #Mac‚Ä¶,"[{'text': 'Google', 'indices': [36, 43]}, {'text': 'Datasets', 'indices': [63, 72]}, {'text': 'NLP', 'indices': [101, 105]}, {'text': 'ArtificialIntelligence', 'indices': [107, 130]}, {'text': 'AI', 'indices': [131, 134]}]",2021-08-28 22:51:47,1866
89,1431751328137625600,"RT @sejournal: Google has updated its 'How Search Works' website which contains information on how Google organizes, ranks, and tests searc‚Ä¶",[],2021-08-28 22:51:31,766
90,1431751161367994368,"RT @starsystem0: ""A new video for the Google Pixel 5a pokes fun at the ones Jony Ive used to make gushing about the smallest details in des‚Ä¶",[],2021-08-28 22:50:52,290
91,1431751007776632833,#BreakingNews  on #wallstreet Chuck HONG of @Netlist  is gonna bust that $GOOG-Le  dong  for stealing their IP from‚Ä¶ https://t.co/QpZ73igFxh,"[{'text': 'BreakingNews', 'indices': [0, 13]}, {'text': 'wallstreet', 'indices': [18, 29]}]",2021-08-28 22:50:15,66
92,1431750961710592003,"@MiaPomp $CIRUS needs to be talked about

@CirusFoundation is literally allowing you to take your $$$ back from com‚Ä¶ https://t.co/0b3RJExnx5",[],2021-08-28 22:50:04,89
93,1431750776523681793,"@ladycryptonic $CIRUS needs to be talked about

@CirusFoundation is literally allowing you to take your $$$ back fr‚Ä¶ https://t.co/PFq0178sJJ",[],2021-08-28 22:49:20,89
94,1431750752800698375,RT @RandyBarrios89: I finally purchased my Wasabi @GoogleStadia control I can't wait to see it @GoogleStadia you really do spoil my interes‚Ä¶,[],2021-08-28 22:49:14,475
95,1431750520516104195,Like and share if you think it`s fantastic! #usher #crowder #june22coup #google #ethan https://t.co/e6OMypJfQv,"[{'text': 'usher', 'indices': [44, 50]}, {'text': 'crowder', 'indices': [51, 59]}, {'text': 'june22coup', 'indices': [60, 71]}, {'text': 'google', 'indices': [72, 79]}, {'text': 'ethan', 'indices': [80, 86]}]",2021-08-28 22:48:19,4
96,1431750513138208770,I finally purchased my Wasabi @GoogleStadia control I can't wait to see it @GoogleStadia you really do spoil my int‚Ä¶ https://t.co/XyXU8frYQz,[],2021-08-28 22:48:17,398
97,1431750473955037190,RT @alialzanaty1: @Khulood_Almani ‚ö°Ô∏è#Google Introduces Two New #Datasets For Improved Conversational #NLP  #ArtificialIntelligence #AI #Mac‚Ä¶,"[{'text': 'Google', 'indices': [36, 43]}, {'text': 'Datasets', 'indices': [63, 72]}, {'text': 'NLP', 'indices': [101, 105]}, {'text': 'ArtificialIntelligence', 'indices': [107, 130]}, {'text': 'AI', 'indices': [131, 134]}]",2021-08-28 22:48:08,1872
98,1431750451591094275,RT @alialzanaty1: @Khulood_Almani ‚ö°Ô∏è#Google Introduces Two New #Datasets For Improved Conversational #NLP  #ArtificialIntelligence #AI #Mac‚Ä¶,"[{'text': 'Google', 'indices': [36, 43]}, {'text': 'Datasets', 'indices': [63, 72]}, {'text': 'NLP', 'indices': [101, 105]}, {'text': 'ArtificialIntelligence', 'indices': [107, 130]}, {'text': 'AI', 'indices': [131, 134]}]",2021-08-28 22:48:02,454
99,1431750390740045827,"""A new video for the Google Pixel 5a pokes fun at the ones Jony Ive used to make gushing about the smallest details‚Ä¶ https://t.co/bGLZ7aMhEI",[],2021-08-28 22:47:48,1150
100,1431750083070992385,"@Yeti_Man82 @intocryptoverse $CIRUS needs to be talked about

@CirusFoundation is literally allowing you to take yo‚Ä¶ https://t.co/nGIDhdhiYp",[],2021-08-28 22:46:35,89
101,1431749193627049990,"[Auto-align Car Charger]
Do you hate the moment when you bought a wireless car charger for smart use but didn't get‚Ä¶ https://t.co/hJEgobhhP7",[],2021-08-28 22:43:03,19
102,1431748513159856131,"Kasa Smart Plug Power Strip HS300, Surge Protector with 6 Individually Controlled Smart Outlets and 3 USB Ports, Wo‚Ä¶ https://t.co/mNfRKxdlKm",[],2021-08-28 22:40:20,208
103,1431748142756769794,"Charge it wherever you go - Magnetic Wireless Charger

Automobile https://t.co/SBrN0V6NCo
-
-
#magsafe #iPhone12‚Ä¶ https://t.co/7d7NZUBD2r","[{'text': 'magsafe', 'indices': [94, 102]}, {'text': 'iPhone12', 'indices': [103, 112]}]",2021-08-28 22:38:52,19
104,1431747931468701709,"Charge it wherever you go - Magnetic Wireless Charger
 
 Amazon: https://t.co/SBrN0V6NCo
 -
 -
 #magsafe #iPhone12‚Ä¶ https://t.co/M0JY04iSr7","[{'text': 'magsafe', 'indices': [96, 104]}, {'text': 'iPhone12', 'indices': [105, 114]}]",2021-08-28 22:38:02,19
105,1431747864074625033,"Charge it wherever you go - Magnetic Wireless Charger

Automobile https://t.co/SBrN0V6NCo
-
-
#magsafe #iPhone12‚Ä¶ https://t.co/a8COmWhruY","[{'text': 'magsafe', 'indices': [94, 102]}, {'text': 'iPhone12', 'indices': [103, 112]}]",2021-08-28 22:37:46,19
106,1431747789558456324,"RT @sejournal: Google has updated its 'How Search Works' website which contains information on how Google organizes, ranks, and tests searc‚Ä¶",[],2021-08-28 22:37:28,2139
107,1431747743169581063,"Charge it wherever you go - Magnetic Wireless Charger

Automobile https://t.co/SBrN0V6NCo
-
-
#magsafe #iPhone12‚Ä¶ https://t.co/txvBzOfgQv","[{'text': 'magsafe', 'indices': [94, 102]}, {'text': 'iPhone12', 'indices': [103, 112]}]",2021-08-28 22:37:17,19
108,1431747672629813250,"[Auto-align Car Charger]
Do you hate the moment when you bought a wireless car charger for smart use but didn't get‚Ä¶ https://t.co/Ycrw5lYtf8",[],2021-08-28 22:37:00,19
109,1431747641092751360,"Charge it wherever you go - Magnetic Wireless Charger
 
 Amazon: https://t.co/SBrN0V6NCo
 -
 -
 #magsafe #iPhone12‚Ä¶ https://t.co/2Wg3Bt3LJ6","[{'text': 'magsafe', 'indices': [96, 104]}, {'text': 'iPhone12', 'indices': [105, 114]}]",2021-08-28 22:36:52,19
110,1431747547589185543,"Charge it wherever you go - Magnetic Wireless Charger

Automobile https://t.co/SBrN0V6NCo
-
-
#magsafe #iPhone12‚Ä¶ https://t.co/C2mr684SY5","[{'text': 'magsafe', 'indices': [94, 102]}, {'text': 'iPhone12', 'indices': [103, 112]}]",2021-08-28 22:36:30,19
111,1431746933635305481,"Google Tasks error 403 : Error :disallowed_useragent android
https://t.co/oGA8UZDHqO
#delphi #google-tasks","[{'text': 'delphi', 'indices': [85, 92]}, {'text': 'google', 'indices': [93, 100]}]",2021-08-28 22:34:04,710
112,1431746214639308801,"RT @yoma_official: Are you a #nerd ?
Here it is for you :
https://t.co/qqyi4MsBIZ

#nerd #nerdy #Geek #tshirtoftheday #ShopNow #onlineshopp‚Ä¶","[{'text': 'nerd', 'indices': [29, 34]}, {'text': 'nerd', 'indices': [83, 88]}, {'text': 'nerdy', 'indices': [89, 95]}, {'text': 'Geek', 'indices': [96, 101]}, {'text': 'tshirtoftheday', 'indices': [102, 117]}, {'text': 'ShopNow', 'indices': [118, 126]}]",2021-08-28 22:31:12,40
113,1431746134532313093,#SEO Guide: Help! My website has been banned by #Google! Now what? https://t.co/y4TCvSqCWj #webmaster #search,"[{'text': 'SEO', 'indices': [0, 4]}, {'text': 'Google', 'indices': [48, 55]}, {'text': 'webmaster', 'indices': [91, 101]}, {'text': 'search', 'indices': [102, 109]}]",2021-08-28 22:30:53,368
114,1431745735528091651,"Oh hey!
She‚Äôs #beautiful and she‚Äôs also #live on #googleplay #googlebooks #googlebook 

https://t.co/JInIDK29cj‚Ä¶ https://t.co/43lphWA8Hq","[{'text': 'beautiful', 'indices': [14, 24]}, {'text': 'live', 'indices': [40, 45]}, {'text': 'googleplay', 'indices': [49, 60]}, {'text': 'googlebooks', 'indices': [61, 73]}, {'text': 'googlebook', 'indices': [74, 85]}]",2021-08-28 22:29:18,1093
115,1431745426617683968,"RT @Dagnum_PI: $DAG #HGTP #L0 is a gateway to an ecosystem with unlimited potential.

Companies like @AlkimiExchange $ADS can finally reali‚Ä¶","[{'text': 'HGTP', 'indices': [20, 25]}, {'text': 'L0', 'indices': [26, 29]}]",2021-08-28 22:28:04,13036
116,1431745391905677314,Top Level Traffic - Web Design Bridgend on #Google https://t.co/nimoJNiBQW #topleveltraffic #bridgend‚Ä¶ https://t.co/kw5IGbfUPB,"[{'text': 'Google', 'indices': [43, 50]}, {'text': 'topleveltraffic', 'indices': [75, 91]}, {'text': 'bridgend', 'indices': [92, 101]}]",2021-08-28 22:27:56,2597
117,1431744776999739404,"RT @TheInsaneApp: Me Logging to my Google Account from New Device üòÇ

Credits: @ameratron

#Google #android #MEMES #chrome https://t.co/8phy‚Ä¶","[{'text': 'Google', 'indices': [90, 97]}, {'text': 'android', 'indices': [98, 106]}, {'text': 'MEMES', 'indices': [107, 113]}, {'text': 'chrome', 'indices': [114, 121]}]",2021-08-28 22:25:30,244
118,1431744610301140993,"RT @Dagnum_PI: $DAG #HGTP #L0 is a gateway to an ecosystem with unlimited potential.

Companies like @AlkimiExchange $ADS can finally reali‚Ä¶","[{'text': 'HGTP', 'indices': [20, 25]}, {'text': 'L0', 'indices': [26, 29]}]",2021-08-28 22:24:50,1204
119,1431744390565875713,RT @DazBrownfield: NIS - Cloud Essentials - I have just completed this room! Check it out:  https://t.co/P3Mi7f9ti4 #tryhackme #security #c‚Ä¶,"[{'text': 'tryhackme', 'indices': [116, 126]}, {'text': 'security', 'indices': [127, 136]}]",2021-08-28 22:23:57,1937
120,1431743896988499968,Top Grossing Mobile #apps #autodynamicshtx #2021lamborghinihuracanevo #Lamborghini #autodynamicsleasing #carleases‚Ä¶ https://t.co/e4jdMVAXCE,"[{'text': 'apps', 'indices': [20, 25]}, {'text': 'autodynamicshtx', 'indices': [26, 42]}, {'text': '2021lamborghinihuracanevo', 'indices': [43, 69]}, {'text': 'Lamborghini', 'indices': [70, 82]}, {'text': 'autodynamicsleasing', 'indices': [83, 103]}, {'text': 'carleases', 'indices': [104, 114]}]",2021-08-28 22:22:00,279
121,1431743689450196994,"RT @UKZak: New by me @Forbes: So, #Google‚Äôs plan to stop #Chrome users being tracked did the opposite and made it worse‚Ä¶ and there‚Äôs no Pla‚Ä¶","[{'text': 'Google', 'indices': [34, 41]}, {'text': 'Chrome', 'indices': [57, 64]}]",2021-08-28 22:21:10,1707
122,1431743643086475274,Best Computer Repair - Bridgend and South Wales on #Google https://t.co/SpIjNwgUAe #custombuild #customgamingpc‚Ä¶ https://t.co/34TQGItzOQ,"[{'text': 'Google', 'indices': [51, 58]}, {'text': 'custombuild', 'indices': [83, 95]}, {'text': 'customgamingpc', 'indices': [96, 111]}]",2021-08-28 22:20:59,385
123,1431743553902981120,Best Computer Repair - Bridgend and South Wales on #Google https://t.co/wY6bsO8HpI #custombuild #customgamingpc‚Ä¶ https://t.co/2t4DKoUgMn,"[{'text': 'Google', 'indices': [51, 58]}, {'text': 'custombuild', 'indices': [83, 95]}, {'text': 'customgamingpc', 'indices': [96, 111]}]",2021-08-28 22:20:38,2401
124,1431743425381113860,#usher #crowder #june22coup #google #ethan #cristiano #cristiano ronaldo KERUI HD 1080P Wifi IP Camera Home Securit‚Ä¶ https://t.co/0XAeNEYaAL,"[{'text': 'usher', 'indices': [0, 6]}, {'text': 'crowder', 'indices': [7, 15]}, {'text': 'june22coup', 'indices': [16, 27]}, {'text': 'google', 'indices': [28, 35]}, {'text': 'ethan', 'indices': [36, 42]}, {'text': 'cristiano', 'indices': [43, 53]}, {'text': 'cristiano', 'indices': [54, 64]}]",2021-08-28 22:20:07,4
125,1431743399196041220,"RT @techeblog: Remember #Google's April Fools' Day joke back in 2012? Well, now it has become a reality. #nintendo #gaming #geek https://t.‚Ä¶","[{'text': 'Google', 'indices': [24, 31]}, {'text': 'nintendo', 'indices': [105, 114]}, {'text': 'gaming', 'indices': [115, 122]}, {'text': 'geek', 'indices': [123, 128]}]",2021-08-28 22:20:01,202
126,1431742950451597313,RT @alialzanaty1: @0dayCTF @calebjstewart @_johnhammond ‚ö°Ô∏è#Google Introduces Two New #Datasets For Improved Conversational #NLP  #Artificia‚Ä¶,"[{'text': 'Google', 'indices': [58, 65]}, {'text': 'Datasets', 'indices': [85, 94]}, {'text': 'NLP', 'indices': [123, 127]}]",2021-08-28 22:18:14,6514
127,1431742944214601736,RT @alialzanaty1: @0dayCTF @calebjstewart @_johnhammond ‚ö°Ô∏è#Google Introduces Two New #Datasets For Improved Conversational #NLP  #Artificia‚Ä¶,"[{'text': 'Google', 'indices': [58, 65]}, {'text': 'Datasets', 'indices': [85, 94]}, {'text': 'NLP', 'indices': [123, 127]}]",2021-08-28 22:18:13,454
128,1431742457713205249,"It's August 29, 2021 at 12:16AM to buy a #oneplus #device #smoothos #90hz #oneplus8tpro #neversettle‚Ä¶ https://t.co/OYEISAKdXj","[{'text': 'oneplus', 'indices': [41, 49]}, {'text': 'device', 'indices': [50, 57]}, {'text': 'smoothos', 'indices': [58, 67]}, {'text': '90hz', 'indices': [68, 73]}, {'text': 'oneplus8tpro', 'indices': [74, 87]}, {'text': 'neversettle', 'indices': [88, 100]}]",2021-08-28 22:16:17,120
129,1431741875954847745,RT @alialzanaty1: @0dayCTF @calebjstewart @_johnhammond ‚ö°Ô∏è#Google Introduces Two New #Datasets For Improved Conversational #NLP  #Artificia‚Ä¶,"[{'text': 'Google', 'indices': [58, 65]}, {'text': 'Datasets', 'indices': [85, 94]}, {'text': 'NLP', 'indices': [123, 127]}]",2021-08-28 22:13:58,1937
130,1431741798397980680,RT @alialzanaty1: @0dayCTF @calebjstewart @_johnhammond ‚ö°Ô∏è#Google Introduces Two New #Datasets For Improved Conversational #NLP  #Artificia‚Ä¶,"[{'text': 'Google', 'indices': [58, 65]}, {'text': 'Datasets', 'indices': [85, 94]}, {'text': 'NLP', 'indices': [123, 127]}]",2021-08-28 22:13:39,13383
131,1431741738297827328,RT @alialzanaty1: @0dayCTF @calebjstewart @_johnhammond ‚ö°Ô∏è#Google Introduces Two New #Datasets For Improved Conversational #NLP  #Artificia‚Ä¶,"[{'text': 'Google', 'indices': [58, 65]}, {'text': 'Datasets', 'indices': [85, 94]}, {'text': 'NLP', 'indices': [123, 127]}]",2021-08-28 22:13:25,2122
132,1431741624397225990,"About ADS for kelpie community, We have a lot of domains owned by the community, which are made into different webs‚Ä¶ https://t.co/eh2gAeeuqn",[],2021-08-28 22:12:58,13
133,1431741439701135368,"Great, huh? #usher #crowder #june22coup #google #ethan https://t.co/7VrefsMDzb","[{'text': 'usher', 'indices': [12, 18]}, {'text': 'crowder', 'indices': [19, 27]}, {'text': 'june22coup', 'indices': [28, 39]}, {'text': 'google', 'indices': [40, 47]}, {'text': 'ethan', 'indices': [48, 54]}]",2021-08-28 22:12:14,4
134,1431741383539249159,"RT @DogemonGoApp: Dear Trainers!üê∂

DogemonGo, the only 100% Free AR Crypto Game is now available on #Apple‚Äôs App &amp; #Google's Play Store!‚Ä¶","[{'text': 'Apple', 'indices': [100, 106]}, {'text': 'Google', 'indices': [119, 126]}]",2021-08-28 22:12:00,77
135,1431740897641865217,"RT @sejournal: Google Easter Eggs are fun, hidden, often gamified surprises found in Search and other Google products. Here's how to find &amp;‚Ä¶",[],2021-08-28 22:10:05,232
136,1431740744402751490,"RT @DogemonGoApp: Dear Trainers!üê∂

DogemonGo, the only 100% Free AR Crypto Game is now available on #Apple‚Äôs App &amp; #Google's Play Store!‚Ä¶","[{'text': 'Apple', 'indices': [100, 106]}, {'text': 'Google', 'indices': [119, 126]}]",2021-08-28 22:09:28,130
137,1431740735041114114,Sistagirl Avon on #Google https://t.co/noF6XpqNv9 #giveback #feedthechildren,"[{'text': 'Google', 'indices': [18, 25]}, {'text': 'giveback', 'indices': [50, 59]}, {'text': 'feedthechildren', 'indices': [60, 76]}]",2021-08-28 22:09:26,243
138,1431740680297082880,"RT @japan2theworld: Let‚Äôs Google Paralympics üòÅ
#Google #Paralympics #„Éë„É©„É™„É≥„Éî„ÉÉ„ÇØ #Tokyo2020 #Êù±‰∫¨2020 #Japan #Tokyo https://t.co/DLNdVfN6ib","[{'text': 'Google', 'indices': [47, 54]}, {'text': 'Paralympics', 'indices': [55, 67]}, {'text': '„Éë„É©„É™„É≥„Éî„ÉÉ„ÇØ', 'indices': [68, 76]}, {'text': 'Tokyo2020', 'indices': [77, 87]}, {'text': 'Êù±‰∫¨2020', 'indices': [88, 95]}, {'text': 'Japan', 'indices': [96, 102]}, {'text': 'Tokyo', 'indices': [103, 109]}]",2021-08-28 22:09:13,28
139,1431739478570328074,"RT @Dagnum_PI: $DAG #HGTP #L0 is a gateway to an ecosystem with unlimited potential.

Companies like @AlkimiExchange $ADS can finally reali‚Ä¶","[{'text': 'HGTP', 'indices': [20, 25]}, {'text': 'L0', 'indices': [26, 29]}]",2021-08-28 22:04:26,1896
140,1431739448400568320,"RT @tinadarrenseo: 3 Technical SEO Tips to Help Your Site Rank

1. Glean hints from the SERPs
2. Look to the search engines
3. Marry your c‚Ä¶",[],2021-08-28 22:04:19,132
141,1431739369291931649,"Forbes: Why You Suddenly Need To Delete #Google #Chrome.
https://t.co/rSV6eTjlGd

via @GoogleNews","[{'text': 'Google', 'indices': [40, 47]}, {'text': 'Chrome', 'indices': [48, 55]}]",2021-08-28 22:04:00,6214
142,1431739315034345475,"RT @Dagnum_PI: $DAG #HGTP #L0 is a gateway to an ecosystem with unlimited potential.

Companies like @AlkimiExchange $ADS can finally reali‚Ä¶","[{'text': 'HGTP', 'indices': [20, 25]}, {'text': 'L0', 'indices': [26, 29]}]",2021-08-28 22:03:47,192
143,1431739171480260618,50K+ #Google searches 4 @deshaunwatson 1h old https://t.co/IMWjRkfXpM https://t.co/Z9Un5K3qqW https://t.co/uQQFqAi4WW,"[{'text': 'Google', 'indices': [5, 12]}]",2021-08-28 22:03:13,3326
144,1431738942458667008,RT @eBookDiscovery: Can she trust him and his.. DANGEROUS JOY by BESTSELL Jo Beverley #Romance #Regency #ebook #Google https://t.co/kFNqlVE‚Ä¶,"[{'text': 'Romance', 'indices': [86, 94]}, {'text': 'Regency', 'indices': [95, 103]}, {'text': 'ebook', 'indices': [104, 110]}, {'text': 'Google', 'indices': [111, 118]}]",2021-08-28 22:02:18,3353
145,1431738726997282822,#Google to cut employee pay 25% for #WFH https://t.co/p7Ycx5Pmzn Dannnnnnnng to the OFFICE ya go!!!,"[{'text': 'Google', 'indices': [0, 7]}, {'text': 'WFH', 'indices': [36, 40]}]",2021-08-28 22:01:27,599
146,1431738565797597187,Can she trust him and his.. DANGEROUS JOY by BESTSELL Jo Beverley #Romance #Regency #ebook #Google‚Ä¶ https://t.co/ISypjk33bj,"[{'text': 'Romance', 'indices': [66, 74]}, {'text': 'Regency', 'indices': [75, 83]}, {'text': 'ebook', 'indices': [84, 90]}, {'text': 'Google', 'indices': [91, 98]}]",2021-08-28 22:00:49,61691
147,1431738369890045953,"Check out my Gig on #Fiverr: do #google #scraping for search results or #business #profiles 

We provide #bulk‚Ä¶ https://t.co/73GuiPGBff","[{'text': 'Fiverr', 'indices': [20, 27]}, {'text': 'google', 'indices': [32, 39]}, {'text': 'scraping', 'indices': [40, 49]}, {'text': 'business', 'indices': [72, 81]}, {'text': 'profiles', 'indices': [82, 91]}, {'text': 'bulk', 'indices': [105, 110]}]",2021-08-28 22:00:02,1741
148,1431738228437102592,"RT @jamesvgingerich: #Google, #Microsoft plan to spend billions on #CyberSecurity after meeting with Biden. (CNBC) https://t.co/57APtR4PtG‚Ä¶","[{'text': 'Google', 'indices': [21, 28]}, {'text': 'Microsoft', 'indices': [30, 40]}, {'text': 'CyberSecurity', 'indices': [67, 81]}]",2021-08-28 21:59:28,17912
149,1431738171436507139,RT @schachin: It's ironic that @Google slammed black hatters for years for content spinning but now have developed a whole AI product (MUM)‚Ä¶,[],2021-08-28 21:59:15,936
150,1431738090352164864,"RT @PhilPol: Rely on CDW! 2 Google Cloud Fellows and 250+ engineers specializing in Anthos, Database Modernization, Google Cloud Networking‚Ä¶",[],2021-08-28 21:58:55,1937
151,1431738051995136000,"RT @tl_eng: NEW @TalkLiberation ISSUE: ""Trust us"" say increasing number of govt &amp; private orgs delving into your data

üò≥#Apple &amp; T-Mobile l‚Ä¶","[{'text': 'Apple', 'indices': [124, 130]}]",2021-08-28 21:58:46,3453
152,1431737867684831239,RT @analiaibargoyen: Love this super simple way of just acknowledging our needs and the challenges of remote work by #google. Let‚Äôs make sp‚Ä¶,"[{'text': 'google', 'indices': [117, 124]}]",2021-08-28 21:58:02,459
153,1431737817130934273,"My google maps photo views üòçüòç See what I've posted to Google Maps
Level 5 Local Guide
https://t.co/lh0HYmDzQ8‚Ä¶ https://t.co/irYfZHd4Ty",[],2021-08-28 21:57:50,61
154,1431737699040305153,"Cost of this for 2021? 
USD $ 15 Billion üí∞ 

#Google to #Apple https://t.co/7rcBRPSZfs","[{'text': 'Google', 'indices': [45, 52]}, {'text': 'Apple', 'indices': [56, 62]}]",2021-08-28 21:57:22,459
155,1431737487043538951,"Carolina Piedmont Capital, Inc. on #Google https://t.co/QnR93IPg5Z","[{'text': 'Google', 'indices': [35, 42]}]",2021-08-28 21:56:31,38
156,1431736832597716993,"RT @MParisiGuitar: Top Gun Anthem by The Green Planet Project, featuring myself on guitar! #SPOTIFYPLAYLIST #TopGun #guitar #spotify #inter‚Ä¶","[{'text': 'SPOTIFYPLAYLIST', 'indices': [91, 107]}, {'text': 'TopGun', 'indices': [108, 115]}, {'text': 'guitar', 'indices': [116, 123]}, {'text': 'spotify', 'indices': [124, 132]}]",2021-08-28 21:53:55,46
157,1431736592494911491,RT @BokorTheBroker: Bokor Realty Group LLC Florida Real Estate Experts on #Google https://t.co/j4Qy8XvYYa,"[{'text': 'Google', 'indices': [74, 81]}]",2021-08-28 21:52:58,283
158,1431736426262155272,"RT @Samu_rai_8: #Stadia100  #StadiaCommunity  #Google  #Stadia  #Destiny2 
Destiny 2 (coop + crossplay) 3 / Stadia https://t.co/pmeFzlJRLl‚Ä¶","[{'text': 'Stadia100', 'indices': [16, 26]}, {'text': 'StadiaCommunity', 'indices': [28, 44]}, {'text': 'Google', 'indices': [46, 53]}, {'text': 'Stadia', 'indices': [55, 62]}, {'text': 'Destiny2', 'indices': [64, 73]}]",2021-08-28 21:52:19,99
159,1431736357865537536,RT @EvanKirstel: That time #Google used #Lego bricks to build a cabinet for its first server! @JonErlichman @GoogleCloudTech #datacenter #c‚Ä¶,"[{'text': 'Google', 'indices': [27, 34]}, {'text': 'Lego', 'indices': [40, 45]}, {'text': 'datacenter', 'indices': [125, 136]}]",2021-08-28 21:52:02,1583
160,1431736198494502912,Hi I'm ANIK BHOWMICK and a professional wordpress website developer. My best experiences are web designer. Hire Me‚Ä¶ https://t.co/smoq7cmjVC,[],2021-08-28 21:51:24,2097
161,1431736071151312896,"#Stadia100  #StadiaCommunity  #Google  #Stadia  #Destiny2 
Destiny 2 (coop + crossplay) 3 / Stadia https://t.co/pmeFzlJRLl via @YouTube","[{'text': 'Stadia100', 'indices': [0, 10]}, {'text': 'StadiaCommunity', 'indices': [12, 28]}, {'text': 'Google', 'indices': [30, 37]}, {'text': 'Stadia', 'indices': [39, 46]}, {'text': 'Destiny2', 'indices': [48, 57]}]",2021-08-28 21:50:54,307
162,1431735590169497609,Thinking of diving into #Google #PPC ads? Make sure your efforts are targeted and your dollars are being spent wise‚Ä¶ https://t.co/alNW3fmdlG,"[{'text': 'Google', 'indices': [24, 31]}, {'text': 'PPC', 'indices': [32, 36]}]",2021-08-28 21:48:59,620
163,1431735569034383372,#usher #crowder #june22coup #google #ethan #cristiano #cristiano ronaldo V9 RC Mini Drone 4k Dual Camera HD Wide An‚Ä¶ https://t.co/SxrEnUOPPo,"[{'text': 'usher', 'indices': [0, 6]}, {'text': 'crowder', 'indices': [7, 15]}, {'text': 'june22coup', 'indices': [16, 27]}, {'text': 'google', 'indices': [28, 35]}, {'text': 'ethan', 'indices': [36, 42]}, {'text': 'cristiano', 'indices': [43, 53]}, {'text': 'cristiano', 'indices': [54, 64]}]",2021-08-28 21:48:54,4
164,1431735362066554883,RT @MActon93: 3 - #Google calculated could break even with a 6 percent commission fee on Play Store - compared to 30 percent,"[{'text': 'Google', 'indices': [18, 25]}]",2021-08-28 21:48:05,104
165,1431735153349390336,"RT @Dagnum_PI: $DAG #HGTP #L0 is a gateway to an ecosystem with unlimited potential.

Companies like @AlkimiExchange $ADS can finally reali‚Ä¶","[{'text': 'HGTP', 'indices': [20, 25]}, {'text': 'L0', 'indices': [26, 29]}]",2021-08-28 21:47:15,814
166,1431734986097324034,"RT @MParisiGuitar: Top Gun Anthem by The Green Planet Project, featuring myself on guitar! #SPOTIFYPLAYLIST #TopGun #guitar #spotify #inter‚Ä¶","[{'text': 'SPOTIFYPLAYLIST', 'indices': [91, 107]}, {'text': 'TopGun', 'indices': [108, 115]}, {'text': 'guitar', 'indices': [116, 123]}, {'text': 'spotify', 'indices': [124, 132]}]",2021-08-28 21:46:35,1542
167,1431734683415429120,@SafeBLASTarmy #SafeBLAST #Mobile #wallet Download is COMING SOON to both the #Google #playstore and the #App store‚Ä¶ https://t.co/seYp30BPmW,"[{'text': 'SafeBLAST', 'indices': [15, 25]}, {'text': 'Mobile', 'indices': [26, 33]}, {'text': 'wallet', 'indices': [34, 41]}, {'text': 'Google', 'indices': [78, 85]}, {'text': 'playstore', 'indices': [86, 96]}, {'text': 'App', 'indices': [105, 109]}]",2021-08-28 21:45:23,117
168,1431734623256645635,Google Sheets‚Äô formula suggestions are like autofill for math https://t.co/bc1iDdJ374 #google,"[{'text': 'google', 'indices': [86, 93]}]",2021-08-28 21:45:09,1938
169,1431734468738367488,"#Wanted! By #FBI now available on #Google Play. #LinkInBio
View &amp; report fugitives wanted by FBI! Provides details‚Ä¶ https://t.co/e3Ku7vsSXM","[{'text': 'Wanted', 'indices': [0, 7]}, {'text': 'FBI', 'indices': [12, 16]}, {'text': 'Google', 'indices': [34, 41]}, {'text': 'LinkInBio', 'indices': [48, 58]}]",2021-08-28 21:44:32,7
170,1431734260130476035,"#UKSC Compliances Founders Groups 

William Gates III 
#MicrosoftCorporation Whenever Bankruptcies Insurer United K‚Ä¶ https://t.co/7mQ545kmPh","[{'text': 'UKSC', 'indices': [0, 5]}, {'text': 'MicrosoftCorporation', 'indices': [55, 76]}]",2021-08-28 21:43:42,79
171,1431733952256086017,"RT @Samu_rai_8: #Stadia100  #StadiaCommunity  #Google  #Stadia  #Cyberpunk2077 
Cyberpunk &amp; Shisha time [patch 1.3] [en/cz/sk] #linux #stad‚Ä¶","[{'text': 'Stadia100', 'indices': [16, 26]}, {'text': 'StadiaCommunity', 'indices': [28, 44]}, {'text': 'Google', 'indices': [46, 53]}, {'text': 'Stadia', 'indices': [55, 62]}, {'text': 'Cyberpunk2077', 'indices': [64, 78]}, {'text': 'linux', 'indices': [131, 137]}]",2021-08-28 21:42:29,99
172,1431733725935591425,"#Stadia100  #StadiaCommunity  #Google  #Stadia  #Cyberpunk2077 
Cyberpunk &amp; Shisha time [patch 1.3] [en/cz/sk]‚Ä¶ https://t.co/qtoE9qLP33","[{'text': 'Stadia100', 'indices': [0, 10]}, {'text': 'StadiaCommunity', 'indices': [12, 28]}, {'text': 'Google', 'indices': [30, 37]}, {'text': 'Stadia', 'indices': [39, 46]}, {'text': 'Cyberpunk2077', 'indices': [48, 62]}]",2021-08-28 21:41:35,307
173,1431733243728957446,RT @sejournal: Google's Danny Sullivan confirms the search engine is updating the way it generates web page titles in search results. via @‚Ä¶,[],2021-08-28 21:39:40,1559
174,1431733199747665923,RT @EvanKirstel: That time #Google used #Lego bricks to build a cabinet for its first server! @JonErlichman @GoogleCloudTech #datacenter #c‚Ä¶,"[{'text': 'Google', 'indices': [27, 34]}, {'text': 'Lego', 'indices': [40, 45]}, {'text': 'datacenter', 'indices': [125, 136]}]",2021-08-28 21:39:29,3509
175,1431732834201337856,"Rely on CDW! 2 Google Cloud Fellows and 250+ engineers specializing in Anthos, Database Modernization, Google Cloud‚Ä¶ https://t.co/82aaIDV6dp",[],2021-08-28 21:38:02,22
176,1431732831848443908,@Google @gmail @ThinkwithGoogle What's up #Google ? First time in 20 years my gmail is not safe. Someone kept tryin‚Ä¶ https://t.co/PfyzBISclf,"[{'text': 'Google', 'indices': [42, 49]}]",2021-08-28 21:38:02,74
177,1431732831806529537,A real pickup for you! #usher #crowder #june22coup #google #ethan https://t.co/HJwlbQO1wH,"[{'text': 'usher', 'indices': [23, 29]}, {'text': 'crowder', 'indices': [30, 38]}, {'text': 'june22coup', 'indices': [39, 50]}, {'text': 'google', 'indices': [51, 58]}, {'text': 'ethan', 'indices': [59, 65]}]",2021-08-28 21:38:02,4
178,1431732219199041540,"RT @UKZak: New by me @Forbes: So, #Google‚Äôs plan to stop #Chrome users being tracked did the opposite and made it worse‚Ä¶ and there‚Äôs no Pla‚Ä¶","[{'text': 'Google', 'indices': [34, 41]}, {'text': 'Chrome', 'indices': [57, 64]}]",2021-08-28 21:35:36,583
179,1431732069055574022,"Do the auto-play videos in the @GooglePlay Store drive you bonkers? You can permanently disable this ""feature"" with‚Ä¶ https://t.co/HHYXlFPa0H",[],2021-08-28 21:35:00,14478
180,1431731729807679489,RT @DazBrownfield: NIS - Cloud Essentials - I have just completed this room! Check it out:  https://t.co/P3Mi7f9ti4 #tryhackme #security #c‚Ä¶,"[{'text': 'tryhackme', 'indices': [116, 126]}, {'text': 'security', 'indices': [127, 136]}]",2021-08-28 21:33:39,411
181,1431731712640225280,My #Google history got corrupted and deleted. What is the file name I need to find in my backups to repair it?,"[{'text': 'Google', 'indices': [3, 10]}]",2021-08-28 21:33:35,476
182,1431730973566283780,"RT @tinadarrenseo: 3 Technical SEO Tips to Help Your Site Rank

1. Glean hints from the SERPs
2. Look to the search engines
3. Marry your c‚Ä¶",[],2021-08-28 21:30:39,2494
183,1431730409822429185,"RT @dr_benoy_n_shah: Very useful - I didn't know half of these!

#Google https://t.co/j9PU2N4cJZ","[{'text': 'Google', 'indices': [65, 72]}]",2021-08-28 21:28:24,6776
184,1431730182252019717,RT @LondonRefurbis2: london refurbishment company on #Google https://t.co/fmPNofFpZk,"[{'text': 'Google', 'indices': [53, 60]}]",2021-08-28 21:27:30,0
185,1431729853980610574,"RT @dr_benoy_n_shah: Very useful - I didn't know half of these!

#Google","[{'text': 'Google', 'indices': [65, 72]}]",2021-08-28 21:26:12,882
186,1431729565823537158,Advanced SEO Techniques to Improve Your Site Traffic - https://t.co/z1g8ytO4IN SEO #Traffic #Tips #Google,"[{'text': 'Traffic', 'indices': [83, 91]}, {'text': 'Tips', 'indices': [92, 97]}, {'text': 'Google', 'indices': [98, 105]}]",2021-08-28 21:25:03,7072
187,1431729552544337920,"Today's #Video shows you how to #Hardwire the New #Nest Doorbell Battery from @madebygoogle 
See everything in the‚Ä¶ https://t.co/AeOCVeZN67","[{'text': 'Video', 'indices': [8, 14]}, {'text': 'Hardwire', 'indices': [32, 41]}, {'text': 'Nest', 'indices': [50, 55]}]",2021-08-28 21:25:00,39
188,1431729499985498115,"RT @jamesvgingerich: #Google, #Microsoft plan to spend billions on #CyberSecurity after meeting with Biden. (CNBC) https://t.co/57APtR4PtG‚Ä¶","[{'text': 'Google', 'indices': [21, 28]}, {'text': 'Microsoft', 'indices': [30, 40]}, {'text': 'CyberSecurity', 'indices': [67, 81]}]",2021-08-28 21:24:47,113
189,1431729207038648327,"Very useful - I didn't know half of these!

#Google https://t.co/j9PU2N4cJZ","[{'text': 'Google', 'indices': [44, 51]}]",2021-08-28 21:23:37,4360
190,1431729161039540225,"RT @MrFahadKhan: #Google has agreed to pay #Apple a whopping $15 billion to remain the default search engine on its iPhone, iPad and iMac i‚Ä¶","[{'text': 'Google', 'indices': [17, 24]}, {'text': 'Apple', 'indices': [43, 49]}]",2021-08-28 21:23:26,113
191,1431728736060145665,30 #Google Chrome Tricks You Might Not Know Here are 30 awesome features or google chrome tricks which will amaze y‚Ä¶ https://t.co/GrVzAnB4XC,"[{'text': 'Google', 'indices': [3, 10]}]",2021-08-28 21:21:45,629
192,1431728496997437444,"RT @DogemonGoApp: Dear Trainers!üê∂

DogemonGo, the only 100% Free AR Crypto Game is now available on #Apple‚Äôs App &amp; #Google's Play Store!‚Ä¶","[{'text': 'Apple', 'indices': [100, 106]}, {'text': 'Google', 'indices': [119, 126]}]",2021-08-28 21:20:48,1904
193,1431728222761365508,#usher #crowder #june22coup #google #ethan #cristiano #cristiano ronaldo In Stock 2020 Global Amazfit Bip S Smartwa‚Ä¶ https://t.co/2pcxKxrPIq,"[{'text': 'usher', 'indices': [0, 6]}, {'text': 'crowder', 'indices': [7, 15]}, {'text': 'june22coup', 'indices': [16, 27]}, {'text': 'google', 'indices': [28, 35]}, {'text': 'ethan', 'indices': [36, 42]}, {'text': 'cristiano', 'indices': [43, 53]}, {'text': 'cristiano', 'indices': [54, 64]}]",2021-08-28 21:19:43,4
194,1431728128615862272,Is there a problem in the world not touched by #Google ? https://t.co/n2auxeiNqT,"[{'text': 'Google', 'indices': [47, 54]}]",2021-08-28 21:19:20,148
195,1431728088329621505,Macqua Woodside Realtor on #Google https://t.co/SLBwKNBxhh,"[{'text': 'Google', 'indices': [27, 34]}]",2021-08-28 21:19:11,147
196,1431728022542036999,RT @alialzanaty1: @Khulood_Almani ‚ö°Ô∏è#Google Introduces Two New #Datasets For Improved Conversational #NLP  #ArtificialIntelligence #AI #Mac‚Ä¶,"[{'text': 'Google', 'indices': [36, 43]}, {'text': 'Datasets', 'indices': [63, 72]}, {'text': 'NLP', 'indices': [101, 105]}, {'text': 'ArtificialIntelligence', 'indices': [107, 130]}, {'text': 'AI', 'indices': [131, 134]}]",2021-08-28 21:18:55,824
197,1431728003415949315,RT @MelissaOnline: Why You Suddenly Need To Delete #Google Chrome https://t.co/9Jb34xpD5U #privacy,"[{'text': 'Google', 'indices': [51, 58]}, {'text': 'privacy', 'indices': [90, 98]}]",2021-08-28 21:18:50,4380
198,1431727782124457984,"RT @DigestAndroid: I just released my full review for the Google Pixel 5a! Check it out:

https://t.co/Glk7JsFGq1

#TeamPixel #GiftFromGoog‚Ä¶","[{'text': 'TeamPixel', 'indices': [115, 125]}]",2021-08-28 21:17:58,3265
199,1431727216224768001,"JB Business Solutions on #Google @Google @Twitter #summer #fall

Hope Everyone is Enjoying the last days of Summer!

https://t.co/iKbTuLVZtw","[{'text': 'Google', 'indices': [25, 32]}, {'text': 'summer', 'indices': [50, 57]}, {'text': 'fall', 'indices': [58, 63]}]",2021-08-28 21:15:43,260
200,1431727118963064836,"It's August 28, 2021 at 11:15PM to buy a #oneplus #device #smoothos #90hz #oneplus8tpro #neversettle‚Ä¶ https://t.co/9S394C2CYL","[{'text': 'oneplus', 'indices': [41, 49]}, {'text': 'device', 'indices': [50, 57]}, {'text': 'smoothos', 'indices': [58, 67]}, {'text': '90hz', 'indices': [68, 73]}, {'text': 'oneplus8tpro', 'indices': [74, 87]}, {'text': 'neversettle', 'indices': [88, 100]}]",2021-08-28 21:15:20,120
201,1431726891627696129,"Top Gun Anthem by The Green Planet Project, featuring myself on guitar! #SPOTIFYPLAYLIST #TopGun #guitar #spotify‚Ä¶ https://t.co/XdV2IuUsja","[{'text': 'SPOTIFYPLAYLIST', 'indices': [72, 88]}, {'text': 'TopGun', 'indices': [89, 96]}, {'text': 'guitar', 'indices': [97, 104]}, {'text': 'spotify', 'indices': [105, 113]}]",2021-08-28 21:14:25,2875
202,1431726828528545792,#DHS #whistleblower alleging bonuses for importing foreign workers - #Facebook #Microsoft #Intel #Apple #twitter‚Ä¶ https://t.co/qSdCAFknva,"[{'text': 'DHS', 'indices': [0, 4]}, {'text': 'whistleblower', 'indices': [5, 19]}, {'text': 'Facebook', 'indices': [69, 78]}, {'text': 'Microsoft', 'indices': [79, 89]}, {'text': 'Intel', 'indices': [90, 96]}, {'text': 'Apple', 'indices': [97, 103]}, {'text': 'twitter', 'indices': [104, 112]}]",2021-08-28 21:14:10,2115
203,1431726155204284416,Groovy Hemp Company on #Google https://t.co/etsrlwJKZN https://t.co/E89d1WftXi,"[{'text': 'Google', 'indices': [23, 30]}]",2021-08-28 21:11:30,3637
204,1431726032286015488,Analysts: Google to pay Apple $15 billion to remain default Safari search engine in 2021 (9to5 Mac) -‚Ä¶ https://t.co/7Qp7ZSG12Z,[],2021-08-28 21:11:00,5636
205,1431725985729167360,"RT @Dagnum_PI: $DAG #HGTP #L0 is a gateway to an ecosystem with unlimited potential.

Companies like @AlkimiExchange $ADS can finally reali‚Ä¶","[{'text': 'HGTP', 'indices': [20, 25]}, {'text': 'L0', 'indices': [26, 29]}]",2021-08-28 21:10:49,5
206,1431725443502075905,#Google stick to search &amp; ad sales. All else is a fail https://t.co/af63Sh6d8r,"[{'text': 'Google', 'indices': [0, 7]}]",2021-08-28 21:08:40,982
207,1431724662233444361,"RT @jamilahmed_16: 35 Best #IT #Training &amp; #Certification Courses

https://t.co/Jhe52NUK7A

#AI #Analytics #IoT #BI #Amazon #AWS #tech #CCN‚Ä¶","[{'text': 'IT', 'indices': [27, 30]}, {'text': 'Training', 'indices': [31, 40]}, {'text': 'Certification', 'indices': [47, 61]}, {'text': 'AI', 'indices': [96, 99]}, {'text': 'Analytics', 'indices': [100, 110]}, {'text': 'IoT', 'indices': [111, 115]}, {'text': 'BI', 'indices': [116, 119]}, {'text': 'Amazon', 'indices': [120, 127]}, {'text': 'AWS', 'indices': [128, 132]}, {'text': 'tech', 'indices': [133, 138]}]",2021-08-28 21:05:34,1866
208,1431724524991655944,Techdirt: Fake 'U.S. Copyright Office' Imposter Gets Google To Delist URLs On Section 1201 Grounds -‚Ä¶ https://t.co/HbR1PtCspb,[],2021-08-28 21:05:01,5636
209,1431724377888866307,"$DAG #HGTP #L0 is a gateway to an ecosystem with unlimited potential.

Companies like @AlkimiExchange $ADS can fina‚Ä¶ https://t.co/ryhK2owiQl","[{'text': 'HGTP', 'indices': [5, 10]}, {'text': 'L0', 'indices': [11, 14]}]",2021-08-28 21:04:26,2147
210,1431724257948618753,Like if you are Excited! Oh Yeah #usher #crowder #june22coup #google #ethan https://t.co/W9UjuODswO,"[{'text': 'usher', 'indices': [33, 39]}, {'text': 'crowder', 'indices': [40, 48]}, {'text': 'june22coup', 'indices': [49, 60]}, {'text': 'google', 'indices': [61, 68]}, {'text': 'ethan', 'indices': [69, 75]}]",2021-08-28 21:03:57,4
211,1431724083541159943,"Our team is here to help you achieve your goals and make you the hero of your own story.
.
.
.
#Community #Team‚Ä¶ https://t.co/7l8HCiGmnc","[{'text': 'Community', 'indices': [95, 105]}, {'text': 'Team', 'indices': [106, 111]}]",2021-08-28 21:03:16,3
212,1431724044559298566,100K+ #Google searches 4 College football 11h old https://t.co/vxqemPktXp https://t.co/sFRQKOMxqs https://t.co/3FDqt1Npza,"[{'text': 'Google', 'indices': [6, 13]}]",2021-08-28 21:03:07,3326
213,1431724034115395585,50K+ #Google searches 4 @EricClapton 4h old https://t.co/kYcdqn176F https://t.co/8nNkT5owN9 https://t.co/xXeUzZlZ01,"[{'text': 'Google', 'indices': [5, 12]}]",2021-08-28 21:03:04,3326
214,1431724033029050374,"A filing by #EpicGames unsealed this month said #Google, according to internal documents, feared losing $1.1 billio‚Ä¶ https://t.co/OGPvEu8AAy","[{'text': 'EpicGames', 'indices': [12, 22]}, {'text': 'Google', 'indices': [48, 55]}]",2021-08-28 21:03:04,12194
215,1431723820574908416,"RT @Khulood_Almani: üì≤How to recover deleted photos from #Google Drive or Google #Photos ‚ÅâÔ∏è

üëâhttps://t.co/ezgCIiCHao

#MachineLearning #Dat‚Ä¶","[{'text': 'Google', 'indices': [56, 63]}, {'text': 'Photos', 'indices': [80, 87]}, {'text': 'MachineLearning', 'indices': [118, 134]}]",2021-08-28 21:02:13,321
216,1431723795681845258,"RT @Khulood_Almani: ‚ú®üíª#Microsoft, #Google to Invest $30 Billion in #Cybersecurity Over Next 5 Years

üëâhttps://t.co/0aZrebX2gQ

#MachineLear‚Ä¶","[{'text': 'Microsoft', 'indices': [22, 32]}, {'text': 'Google', 'indices': [34, 41]}, {'text': 'Cybersecurity', 'indices': [67, 81]}]",2021-08-28 21:02:07,3118
217,1431723445163737091,"RT @Adplexitygroup: 5 Most Powerful SEO Tricks That‚Äôll Boost Your Traffic

1. Link Building
2. Directory Submission
3. Content
4. Competito‚Ä¶",[],2021-08-28 21:00:44,4097
218,1431723316423925774,RT @alialzanaty1: @Khulood_Almani ‚ö°Ô∏è#Google Introduces Two New #Datasets For Improved Conversational #NLP  #ArtificialIntelligence #AI #Mac‚Ä¶,"[{'text': 'Google', 'indices': [36, 43]}, {'text': 'Datasets', 'indices': [63, 72]}, {'text': 'NLP', 'indices': [101, 105]}, {'text': 'ArtificialIntelligence', 'indices': [107, 130]}, {'text': 'AI', 'indices': [131, 134]}]",2021-08-28 21:00:13,2915
219,1431723316352626693,"RT @jamilahmed_16: 35 Best #IT #Training &amp; #Certification Courses

https://t.co/Jhe52NUK7A

#AI #Analytics #IoT #BI #Amazon #AWS #tech #CCN‚Ä¶","[{'text': 'IT', 'indices': [27, 30]}, {'text': 'Training', 'indices': [31, 40]}, {'text': 'Certification', 'indices': [47, 61]}, {'text': 'AI', 'indices': [96, 99]}, {'text': 'Analytics', 'indices': [100, 110]}, {'text': 'IoT', 'indices': [111, 115]}, {'text': 'BI', 'indices': [116, 119]}, {'text': 'Amazon', 'indices': [120, 127]}, {'text': 'AWS', 'indices': [128, 132]}, {'text': 'tech', 'indices': [133, 138]}]",2021-08-28 21:00:13,2915
220,1431723285671202818,Starting from September 2021. Meetings available with our SMM Agent. @AEGConsulting_ #blackfriday #cybermonday camp‚Ä¶ https://t.co/L7f0dacQ5o,"[{'text': 'blackfriday', 'indices': [85, 97]}, {'text': 'cybermonday', 'indices': [98, 110]}]",2021-08-28 21:00:06,484
221,1431723277005701122,RT @alialzanaty1: @Khulood_Almani ‚ö°Ô∏è#Google Introduces Two New #Datasets For Improved Conversational #NLP  #ArtificialIntelligence #AI #Mac‚Ä¶,"[{'text': 'Google', 'indices': [36, 43]}, {'text': 'Datasets', 'indices': [63, 72]}, {'text': 'NLP', 'indices': [101, 105]}, {'text': 'ArtificialIntelligence', 'indices': [107, 130]}, {'text': 'AI', 'indices': [131, 134]}]",2021-08-28 21:00:04,686
222,1431723155765202949,"Is Google India working? 
None of the google products working!!!! 

Please make necessary action 

#sundarpitchai #GoogleIndia #Google","[{'text': 'sundarpitchai', 'indices': [99, 113]}, {'text': 'GoogleIndia', 'indices': [114, 126]}, {'text': 'Google', 'indices': [127, 134]}]",2021-08-28 20:59:35,56
223,1431723120558288900,RT @alialzanaty1: @Khulood_Almani ‚ö°Ô∏è#Google Introduces Two New #Datasets For Improved Conversational #NLP  #ArtificialIntelligence #AI #Mac‚Ä¶,"[{'text': 'Google', 'indices': [36, 43]}, {'text': 'Datasets', 'indices': [63, 72]}, {'text': 'NLP', 'indices': [101, 105]}, {'text': 'ArtificialIntelligence', 'indices': [107, 130]}, {'text': 'AI', 'indices': [131, 134]}]",2021-08-28 20:59:26,8001
224,1431723063486341124,"RT @jamilahmed_16: 35 Best #IT #Training &amp; #Certification Courses

https://t.co/Jhe52NUK7A

#AI #Analytics #IoT #BI #Amazon #AWS #tech #CCN‚Ä¶","[{'text': 'IT', 'indices': [27, 30]}, {'text': 'Training', 'indices': [31, 40]}, {'text': 'Certification', 'indices': [47, 61]}, {'text': 'AI', 'indices': [96, 99]}, {'text': 'Analytics', 'indices': [100, 110]}, {'text': 'IoT', 'indices': [111, 115]}, {'text': 'BI', 'indices': [116, 119]}, {'text': 'Amazon', 'indices': [120, 127]}, {'text': 'AWS', 'indices': [128, 132]}, {'text': 'tech', 'indices': [133, 138]}]",2021-08-28 20:59:13,204
225,1431722994351677442,"RT @jamilahmed_16: 35 Best #IT #Training &amp; #Certification Courses

https://t.co/Jhe52NUK7A

#AI #Analytics #IoT #BI #Amazon #AWS #tech #CCN‚Ä¶","[{'text': 'IT', 'indices': [27, 30]}, {'text': 'Training', 'indices': [31, 40]}, {'text': 'Certification', 'indices': [47, 61]}, {'text': 'AI', 'indices': [96, 99]}, {'text': 'Analytics', 'indices': [100, 110]}, {'text': 'IoT', 'indices': [111, 115]}, {'text': 'BI', 'indices': [116, 119]}, {'text': 'Amazon', 'indices': [120, 127]}, {'text': 'AWS', 'indices': [128, 132]}, {'text': 'tech', 'indices': [133, 138]}]",2021-08-28 20:58:56,1937
226,1431722683415371779,RT @alialzanaty1: @Khulood_Almani ‚ö°Ô∏è#Google Introduces Two New #Datasets For Improved Conversational #NLP  #ArtificialIntelligence #AI #Mac‚Ä¶,"[{'text': 'Google', 'indices': [36, 43]}, {'text': 'Datasets', 'indices': [63, 72]}, {'text': 'NLP', 'indices': [101, 105]}, {'text': 'ArtificialIntelligence', 'indices': [107, 130]}, {'text': 'AI', 'indices': [131, 134]}]",2021-08-28 20:57:42,633
227,1431722672422010883,"#programming 
#algorithm #psychology
#software #coding #interview 
#google #DSA #NEWS #learning
#Microsoft 
#tech T‚Ä¶ https://t.co/QvyMxpf7ie","[{'text': 'programming', 'indices': [0, 12]}, {'text': 'algorithm', 'indices': [14, 24]}, {'text': 'psychology', 'indices': [25, 36]}, {'text': 'software', 'indices': [37, 46]}, {'text': 'coding', 'indices': [47, 54]}, {'text': 'interview', 'indices': [55, 65]}, {'text': 'google', 'indices': [67, 74]}, {'text': 'DSA', 'indices': [75, 79]}, {'text': 'NEWS', 'indices': [80, 85]}, {'text': 'learning', 'indices': [86, 95]}, {'text': 'Microsoft', 'indices': [96, 106]}, {'text': 'tech', 'indices': [108, 113]}]",2021-08-28 20:57:39,1269
228,1431722671813894148,RT MrFahadKhan: #Google has agreed to pay #Apple a whopping $15 billion to remain the default search engine on its‚Ä¶ https://t.co/rSXPF3hH2n,"[{'text': 'Google', 'indices': [16, 23]}, {'text': 'Apple', 'indices': [42, 48]}]",2021-08-28 20:57:39,1269
229,1431722649554620418,RT @alialzanaty1: @Khulood_Almani ‚ö°Ô∏è#Google Introduces Two New #Datasets For Improved Conversational #NLP  #ArtificialIntelligence #AI #Mac‚Ä¶,"[{'text': 'Google', 'indices': [36, 43]}, {'text': 'Datasets', 'indices': [63, 72]}, {'text': 'NLP', 'indices': [101, 105]}, {'text': 'ArtificialIntelligence', 'indices': [107, 130]}, {'text': 'AI', 'indices': [131, 134]}]",2021-08-28 20:57:34,17912
230,1431721863525421065,RT @LondonRefurbis2: london refurbishment company on #Google https://t.co/fmPNofFpZk,"[{'text': 'Google', 'indices': [53, 60]}]",2021-08-28 20:54:27,0
231,1431721694129963017,Google is the internet !! #google #googl #goog #stock #market #tech #technology #epic #internet #monster https://t.co/TgxXVq3yXo,"[{'text': 'google', 'indices': [26, 33]}, {'text': 'googl', 'indices': [34, 40]}, {'text': 'goog', 'indices': [41, 46]}, {'text': 'stock', 'indices': [47, 53]}, {'text': 'market', 'indices': [54, 61]}, {'text': 'tech', 'indices': [62, 67]}, {'text': 'technology', 'indices': [68, 79]}, {'text': 'epic', 'indices': [80, 85]}, {'text': 'internet', 'indices': [86, 95]}, {'text': 'monster', 'indices': [96, 104]}]",2021-08-28 20:53:46,230
232,1431721550412136449,"RT @harrisonsnet: Thank you to our wonderful clients that have left #reviews on #Google, #Yelp and #Facebook. ‚≠êÔ∏è‚≠êÔ∏è‚≠êÔ∏è‚≠êÔ∏è‚≠êÔ∏è
If you haven‚Äôt lef‚Ä¶","[{'text': 'reviews', 'indices': [68, 76]}, {'text': 'Google', 'indices': [80, 87]}, {'text': 'Yelp', 'indices': [89, 94]}, {'text': 'Facebook', 'indices': [99, 108]}]",2021-08-28 20:53:12,317
233,1431721477485826050,"No matter if your preference of headphone style, you will find some that work with your #Google assistant. #techie‚Ä¶ https://t.co/Yg6SZvFiWo","[{'text': 'Google', 'indices': [88, 95]}, {'text': 'techie', 'indices': [107, 114]}]",2021-08-28 20:52:54,1
234,1431721305003503616,RT @Amitkumar909080: Keyword Tool is free online keyword research instrument that uses Google Autocomplete to generate hundreds of relevant‚Ä¶,[],2021-08-28 20:52:13,462
235,1431721003319808010,"RT @MrFahadKhan: #Google has agreed to pay #Apple a whopping $15 billion to remain the default search engine on its iPhone, iPad and iMac i‚Ä¶","[{'text': 'Google', 'indices': [17, 24]}, {'text': 'Apple', 'indices': [43, 49]}]",2021-08-28 20:51:01,290
236,1431720996109799433,What have you searched Google for on your iPhone or iPad today? Want to delete those searches or all your search hi‚Ä¶ https://t.co/VZe5tP4EGe,[],2021-08-28 20:51:00,14478
237,1431720781445320704,"#Google has agreed to pay #Apple a whopping $15 billion to remain the default search engine on its iPhone, iPad and‚Ä¶ https://t.co/RIk7GuNs5Z","[{'text': 'Google', 'indices': [0, 7]}, {'text': 'Apple', 'indices': [26, 32]}]",2021-08-28 20:50:09,601
238,1431720559625261059,"RT @playfulbacon: RIP Google Poly. We had some good times! I hear https://t.co/C5KC09b04P is a decent alternative üçï 
#Google #gamedev #indi‚Ä¶","[{'text': 'Google', 'indices': [117, 124]}, {'text': 'gamedev', 'indices': [125, 133]}]",2021-08-28 20:49:16,3114
239,1431720034238226433,"RT @DogemonGoApp: Dear Trainers!üê∂

DogemonGo, the only 100% Free AR Crypto Game is now available on #Apple‚Äôs App &amp; #Google's Play Store!‚Ä¶","[{'text': 'Apple', 'indices': [100, 106]}, {'text': 'Google', 'indices': [119, 126]}]",2021-08-28 20:47:10,1
240,1431719962490535936,How to add device folders to Google Drive's Back Up &amp; Sync on Android 12 #Google  https://t.co/txeV9uGmsS,"[{'text': 'Google', 'indices': [77, 84]}]",2021-08-28 20:46:53,18990
241,1431719959692906497,"RT @DogemonGoApp: Dear Trainers!üê∂

DogemonGo, the only 100% Free AR Crypto Game is now available on #Apple‚Äôs App &amp; #Google's Play Store!‚Ä¶","[{'text': 'Apple', 'indices': [100, 106]}, {'text': 'Google', 'indices': [119, 126]}]",2021-08-28 20:46:53,2
242,1431719749612802048,Keyword Tool is free online keyword research instrument that uses Google Autocomplete to generate hundreds of relev‚Ä¶ https://t.co/rwwXIy68Hd,[],2021-08-28 20:46:03,322
243,1431719332359327745,"Hi Guys, #followme I will #followback #RT #retweet #actress #Almada #DanielaMelchior #DanielaMelchiortiktok #Google‚Ä¶ https://t.co/dwqoHjhK9x","[{'text': 'followme', 'indices': [9, 18]}, {'text': 'followback', 'indices': [26, 37]}, {'text': 'RT', 'indices': [38, 41]}, {'text': 'retweet', 'indices': [42, 50]}, {'text': 'actress', 'indices': [51, 59]}, {'text': 'Almada', 'indices': [60, 67]}, {'text': 'DanielaMelchior', 'indices': [68, 84]}, {'text': 'DanielaMelchiortiktok', 'indices': [85, 107]}, {'text': 'Google', 'indices': [108, 115]}]",2021-08-28 20:44:23,717
244,1431719046911774723,"RT @shreerangp: Today's #GoogleDoodle wishes everyone a Happy Grandparents' Day 2021! #GoogleDoodle üéâ
Find out more at - https://t.co/26CQS‚Ä¶","[{'text': 'GoogleDoodle', 'indices': [24, 37]}, {'text': 'GoogleDoodle', 'indices': [86, 99]}]",2021-08-28 20:43:15,15
245,1431718860357464066,"@davidgokhshtein And $CIRUS is a #NoBrainer 

@CirusFoundation allows you to #Monetize the same Data that companies‚Ä¶ https://t.co/QGDCVkSBtj","[{'text': 'NoBrainer', 'indices': [33, 43]}, {'text': 'Monetize', 'indices': [77, 86]}]",2021-08-28 20:42:31,89
246,1431718718187479042,RT @RushRally: Thanks Neil! Great to constantly read the praise for #rushrallyorigins on #NintendoSwitch! Also available on #ios #appstore‚Ä¶,"[{'text': 'rushrallyorigins', 'indices': [68, 85]}, {'text': 'NintendoSwitch', 'indices': [89, 104]}, {'text': 'ios', 'indices': [124, 128]}, {'text': 'appstore', 'indices': [129, 138]}]",2021-08-28 20:41:57,298
247,1431718654647750656,"RT @jamilahmed_16: 35 Best #IT #Training &amp; #Certification Courses

https://t.co/Jhe52NUK7A

#AI #Analytics #IoT #BI #Amazon #AWS #tech #CCN‚Ä¶","[{'text': 'IT', 'indices': [27, 30]}, {'text': 'Training', 'indices': [31, 40]}, {'text': 'Certification', 'indices': [47, 61]}, {'text': 'AI', 'indices': [96, 99]}, {'text': 'Analytics', 'indices': [100, 110]}, {'text': 'IoT', 'indices': [111, 115]}, {'text': 'BI', 'indices': [116, 119]}, {'text': 'Amazon', 'indices': [120, 127]}, {'text': 'AWS', 'indices': [128, 132]}, {'text': 'tech', 'indices': [133, 138]}]",2021-08-28 20:41:41,1806
248,1431717953414868993,"RT @DeepakK16975735: Click on link  https://t.co/EPbjJqMDnt 
#leadsgeneration #Seo
#socialmediamarketing #digitalmarketing #videomarketing‚Ä¶","[{'text': 'leadsgeneration', 'indices': [61, 77]}, {'text': 'Seo', 'indices': [78, 82]}, {'text': 'socialmediamarketing', 'indices': [83, 104]}, {'text': 'digitalmarketing', 'indices': [105, 122]}, {'text': 'videomarketing', 'indices': [123, 138]}]",2021-08-28 20:38:54,767
249,1431717930035601409,"Click on link  https://t.co/EPbjJqMDnt 
#leadsgeneration #Seo
#socialmediamarketing #digitalmarketing‚Ä¶ https://t.co/kyPWR0aN4h","[{'text': 'leadsgeneration', 'indices': [40, 56]}, {'text': 'Seo', 'indices': [57, 61]}, {'text': 'socialmediamarketing', 'indices': [62, 83]}, {'text': 'digitalmarketing', 'indices': [84, 101]}]",2021-08-28 20:38:49,29
250,1431717870258507786,Captain's Bookshoppe LLC on #Google https://t.co/GF9iedXreN,"[{'text': 'Google', 'indices': [28, 35]}]",2021-08-28 20:38:34,4511
251,1431717685335715840,"I'm Schema Expert. I've excellent Experience in Google Schema Markup
Contact Us: https://t.co/eWCdZM32lT

#Ranking‚Ä¶ https://t.co/M77TbO3w2I","[{'text': 'Ranking', 'indices': [106, 114]}]",2021-08-28 20:37:50,22
252,1431717549536911367,Newage Mart on #Google https://t.co/eC9l3MhaG1,"[{'text': 'Google', 'indices': [15, 22]}]",2021-08-28 20:37:18,0
253,1431717548815310848,"I'm Schema Expert. I've excellent Experience in Google Schema Markup
Contact Us: https://t.co/y51fPSzprk

#Ranking‚Ä¶ https://t.co/G3hMkPbcH0","[{'text': 'Ranking', 'indices': [106, 114]}]",2021-08-28 20:37:18,71
254,1431717445459320835,"I'm Schema Expert. I've excellent Experience in Google Schema Markup
Contact Us: https://t.co/26tz9k4ndY

#Ranking‚Ä¶ https://t.co/d7cgH3dYY1","[{'text': 'Ranking', 'indices': [106, 114]}]",2021-08-28 20:36:53,2
255,1431717384776204296,"OMG, this advertisement get second place reward ü•à (after ""The Outer Worlds 2"" trailer) in my personal list for ""The‚Ä¶ https://t.co/Q8LqxowXyH",[],2021-08-28 20:36:39,83
256,1431717381521358850,"I'm Schema Expert. I've excellent Experience in Google Schema Markup
Contact Us: https://t.co/0mOaHH1i40

#Ranking‚Ä¶ https://t.co/XEZs1pZRa5","[{'text': 'Ranking', 'indices': [106, 114]}]",2021-08-28 20:36:38,4
257,1431717303482142724,"I'm Schema Expert. I've excellent Experience in Google Schema Markup
Contact Us: https://t.co/P9aDAzX9Zs

#Ranking‚Ä¶ https://t.co/h8dKsZKFWb","[{'text': 'Ranking', 'indices': [106, 114]}]",2021-08-28 20:36:19,720
258,1431717178135490567,"RT @EpochTVus: Google rewrote its algorithms for news searches in order to target #Trump, according to @Perpetualmaniac, #Google whistleblo‚Ä¶","[{'text': 'Trump', 'indices': [82, 88]}, {'text': 'Google', 'indices': [121, 128]}]",2021-08-28 20:35:49,308
259,1431717047147405312,We‚Äôre willing to compete with #Amazon / #Google / #Apple / #Netflix. Prevent #Hyperinflation and no access to monet‚Ä¶ https://t.co/qklOBjb2bN,"[{'text': 'Amazon', 'indices': [30, 37]}, {'text': 'Google', 'indices': [40, 47]}, {'text': 'Apple', 'indices': [50, 56]}, {'text': 'Netflix', 'indices': [59, 67]}, {'text': 'Hyperinflation', 'indices': [77, 92]}]",2021-08-28 20:35:18,13
260,1431716720599658498,"RT @Khulood_Almani: üì≤How to recover deleted photos from #Google Drive or Google #Photos ‚ÅâÔ∏è

üëâhttps://t.co/ezgCIiCHao

#MachineLearning #Dat‚Ä¶","[{'text': 'Google', 'indices': [56, 63]}, {'text': 'Photos', 'indices': [80, 87]}, {'text': 'MachineLearning', 'indices': [118, 134]}]",2021-08-28 20:34:00,2422
261,1431716700517453830,"@GoogleForEdu This is excellent! My school (a chain) is a Google School, and our students would definitely benefit‚Ä¶ https://t.co/3SpZahn13L",[],2021-08-28 20:33:56,31
262,1431716350565699586,"RT @DigestAndroid: I just released my full review for the Google Pixel 5a! Check it out:

https://t.co/Glk7JsFGq1

#TeamPixel #GiftFromGoog‚Ä¶","[{'text': 'TeamPixel', 'indices': [115, 125]}]",2021-08-28 20:32:32,553
263,1431715817008345101,"#SaveChilasFort
Chilas Fort on #Google

https://t.co/NUdeeng8cA","[{'text': 'SaveChilasFort', 'indices': [0, 15]}, {'text': 'Google', 'indices': [31, 38]}]",2021-08-28 20:30:25,2969
264,1431715761618178051,"Omg seriously #google?! ""Select all"" now selects all?!? My coffee mug was nearby, did you think I wanted to copy/pa‚Ä¶ https://t.co/OsqcqbFvT5","[{'text': 'google', 'indices': [14, 21]}]",2021-08-28 20:30:12,1396
265,1431715713195065347,Why You Suddenly Need To Delete #Google Chrome https://t.co/9Jb34xpD5U #privacy,"[{'text': 'Google', 'indices': [32, 39]}, {'text': 'privacy', 'indices': [71, 79]}]",2021-08-28 20:30:00,117315
